model,numLoadInsts,numStoreInsts,numInsts,numBranches,intAluAccesses,numOps,ipc
2.0,9486897.0,748510.0,60740856.0,5456326.0,59322377.0,28086234.0,0.086063
2.0,9489776.0,739526.0,60938000.0,5502905.0,59551164.0,28274117.0,0.08663
2.0,9431333.0,739335.0,60570317.0,5455134.0,59161102.0,28124079.0,0.086198
2.0,9466455.0,741895.0,60681113.0,5444189.0,59252930.0,28037031.0,0.086015
2.0,9570230.0,881372.0,61020709.0,5454499.0,59399413.0,28013940.0,0.085928
2.0,9489894.0,742516.0,60790010.0,5456605.0,59368199.0,28097122.0,0.086203
2.0,9426234.0,740873.0,60443752.0,5418210.0,59006661.0,27949464.0,0.085753
2.0,9465603.0,741809.0,60705421.0,5448939.0,59279904.0,28048124.0,0.086051
2.0,2335957.0,2533055.0,11549146.0,348097.0,3163047.0,11406367.0,0.033629
2.0,2305829.0,2577289.0,12539447.0,381874.0,3338164.0,12410420.0,0.037552
2.0,2411152.0,2564190.0,11880363.0,371716.0,3284018.0,11695167.0,0.034604
2.0,2397853.0,2528552.0,11369574.0,353600.0,3169098.0,11191951.0,0.032768
2.0,2419419.0,2538679.0,11111731.0,337393.0,3086152.0,10939145.0,0.031769
2.0,2295808.0,2525962.0,11510692.0,341053.0,3097367.0,11402655.0,0.033802
2.0,2307845.0,2554191.0,11896465.0,349075.0,3151254.0,11776949.0,0.035219
2.0,2423957.0,2539979.0,11101989.0,333943.0,3068879.0,10923568.0,0.031729
2.0,15075362.0,8676877.0,61482897.0,2494094.0,24093336.0,58237753.0,0.100167
2.0,14999008.0,8595260.0,61345920.0,2569125.0,24365196.0,58116090.0,0.09981
2.0,15129580.0,8662928.0,61803454.0,2553131.0,24397455.0,58541810.0,0.100528
2.0,15473399.0,8875077.0,60833795.0,1997277.0,20980687.0,57423361.0,0.098947
2.0,15798720.0,8774275.0,65148056.0,2860610.0,26789801.0,61603854.0,0.10624
2.0,15104717.0,8576194.0,60876270.0,2484990.0,23791271.0,57456561.0,0.099056
2.0,15849218.0,8736260.0,66046552.0,3057028.0,28088013.0,62488214.0,0.107678
2.0,15641973.0,8777314.0,65356593.0,2918903.0,27196535.0,62007499.0,0.107158
2.0,15254175.0,3400763.0,45792683.0,1155686.0,10103483.0,45699310.0,0.121854
2.0,15334808.0,3406054.0,46213752.0,1214011.0,10413954.0,46121049.0,0.123073
2.0,15319491.0,3402791.0,46147269.0,1207606.0,10376500.0,46052656.0,0.122888
2.0,15467001.0,3437359.0,46552786.0,1207689.0,10415031.0,46460406.0,0.123972
2.0,15307303.0,3403829.0,46017267.0,1180082.0,10227467.0,45922161.0,0.122535
2.0,15280765.0,3400598.0,45854707.0,1155865.0,10088732.0,45765891.0,0.122115
2.0,15394323.0,3426267.0,46176026.0,1159469.0,10135712.0,46088903.0,0.122977
2.0,15341964.0,3414547.0,46020271.0,1155382.0,10101614.0,45931650.0,0.122557
2.0,12181070.0,1347916.0,87705681.0,10683618.0,89557157.0,67428704.0,0.159119
2.0,11985341.0,1350799.0,85276405.0,10276068.0,87138798.0,64877360.0,0.153193
2.0,12285144.0,1335287.0,88955826.0,10907317.0,90809588.0,68665086.0,0.161818
2.0,12170564.0,1349242.0,87373431.0,10615676.0,89235527.0,66940155.0,0.157902
2.0,11058807.0,1660833.0,74057737.0,8307957.0,75630361.0,53531276.0,0.124124
2.0,12009597.0,1353999.0,85393663.0,10268670.0,87262175.0,64914300.0,0.153429
2.0,12055114.0,1357155.0,85720753.0,10311077.0,87594411.0,65147711.0,0.153979
2.0,12234782.0,1337241.0,88152998.0,10748613.0,90010113.0,67796661.0,0.160122
2.0,21526471.0,3404702.0,52111493.0,1177147.0,12990328.0,45638599.0,0.056751
2.0,21032367.0,3330651.0,51081652.0,1163020.0,12674364.0,44864012.0,0.055872
2.0,21751553.0,3435627.0,52708030.0,1189323.0,13038073.0,46244559.0,0.057591
2.0,22059598.0,3500381.0,53599495.0,1211218.0,13253267.0,47107774.0,0.058663
2.0,21420910.0,3407519.0,52074736.0,1169890.0,12825643.0,45797642.0,0.05703
2.0,21795561.0,3461184.0,52931738.0,1188028.0,13037606.0,46519399.0,0.05793
2.0,21839598.0,3474039.0,53081703.0,1189946.0,13073321.0,46683131.0,0.058134
2.0,21530961.0,3414253.0,52236756.0,1170370.0,12867767.0,45878370.0,0.05713
2.0,12158447.0,6083690.0,85089695.0,6087179.0,85096757.0,85049721.0,0.212086
2.0,12155002.0,6078074.0,85071875.0,6083102.0,85078380.0,85040583.0,0.212169
2.0,12147585.0,6074677.0,85020338.0,6079489.0,85026928.0,84992716.0,0.21205
2.0,12152656.0,6076872.0,85057228.0,6082147.0,85064182.0,85026239.0,0.212129
2.0,12152940.0,6077204.0,85058462.0,6082451.0,85065533.0,85030143.0,0.212143
2.0,12154164.0,6077932.0,85066602.0,6082740.0,85073347.0,85038425.0,0.212164
2.0,12156015.0,6079168.0,85079333.0,6082876.0,85085209.0,85046786.0,0.212188
2.0,12160026.0,6080800.0,85107276.0,6085648.0,85113698.0,85081327.0,0.212272
2.0,12148720.0,1335633.0,87327637.0,10620828.0,89180093.0,67029954.0,0.236907
2.0,11926352.0,1345182.0,84621677.0,10164063.0,86487910.0,64213563.0,0.226458
2.0,12186232.0,1329425.0,87782994.0,10709183.0,89634340.0,67486972.0,0.237952
2.0,12013413.0,1340170.0,85746343.0,10356260.0,87598716.0,65387995.0,0.230463
2.0,11248457.0,1653602.0,76519250.0,8727729.0,78088220.0,56062059.0,0.194869
2.0,12035696.0,1350008.0,85709136.0,10317768.0,87582633.0,65183385.0,0.229942
2.0,11976742.0,1348858.0,84929911.0,10185819.0,86803816.0,64400876.0,0.227335
2.0,12184072.0,1333727.0,87611601.0,10656340.0,89469921.0,67221562.0,0.23769
2.0,19582133.0,1847821.0,136425851.0,15142698.0,151710542.0,77137264.0,0.356547
2.0,19261095.0,1834884.0,136475637.0,15219611.0,151672357.0,77564674.0,0.380287
2.0,18837197.0,2092289.0,126689537.0,13452089.0,140165168.0,67213313.0,0.298343
2.0,18961179.0,1836936.0,128116906.0,13748932.0,142159510.0,68718039.0,0.312713
2.0,18766394.0,1946254.0,124533853.0,13069566.0,137893180.0,64861858.0,0.293976
2.0,19346474.0,1968886.0,131740786.0,14256903.0,146094768.0,71744602.0,0.322639
2.0,19574976.0,1843181.0,135146611.0,14896421.0,150240522.0,75570078.0,0.345073
2.0,19618449.0,1842664.0,135718990.0,14994373.0,150889711.0,76103188.0,0.347626
2.0,15177167.0,3400732.0,45712492.0,1175443.0,10306148.0,45601511.0,0.054059
2.0,15196201.0,3388076.0,45786816.0,1189342.0,10331248.0,45681652.0,0.05424
2.0,15342299.0,3421861.0,46186229.0,1189324.0,10368310.0,46081848.0,0.054713
2.0,15126100.0,3374802.0,45524865.0,1168372.0,10206345.0,45425599.0,0.05393
2.0,15621028.0,3486271.0,46970002.0,1195578.0,10475168.0,46867698.0,0.055644
2.0,15444802.0,3446811.0,46443534.0,1182726.0,10362128.0,46337628.0,0.055014
2.0,15381895.0,3432997.0,46241931.0,1175224.0,10304611.0,46139353.0,0.054779
2.0,15591742.0,3479991.0,46873398.0,1190743.0,10441348.0,46769597.0,0.055527
2.0,12793124.0,817219.0,42729480.0,3849874.0,42245503.0,39203052.0,0.050492
2.0,12872974.0,674525.0,46198698.0,4570079.0,45879332.0,43009254.0,0.056051
2.0,13223268.0,776246.0,47597293.0,4710952.0,47157957.0,44163923.0,0.056967
2.0,12983854.0,739800.0,47225255.0,4691245.0,46807057.0,43874968.0,0.05738
2.0,12863185.0,776143.0,45466828.0,4377839.0,45015427.0,42070210.0,0.055185
2.0,13162145.0,772953.0,47609310.0,4698918.0,47140578.0,44143141.0,0.057149
2.0,12980739.0,752128.0,46765773.0,4631211.0,46336366.0,43398077.0,0.056582
2.0,12990278.0,660004.0,46491374.0,4556635.0,46188777.0,43311019.0,0.056443
2.0,2866653.0,2990266.0,14423993.0,410805.0,3793083.0,14152931.0,0.020078
2.0,2909409.0,2880591.0,12383093.0,394757.0,3633912.0,12124470.0,0.016336
2.0,2842115.0,2981542.0,14489980.0,407468.0,3713162.0,14248720.0,0.020396
2.0,2880606.0,2916675.0,13143283.0,386881.0,3596785.0,12879378.0,0.017832
2.0,2917387.0,2890222.0,12120790.0,365732.0,3477345.0,11858221.0,0.015902
2.0,2863667.0,2962484.0,13805951.0,386205.0,3587878.0,13568724.0,0.01914
2.0,2885359.0,2895256.0,12519973.0,369479.0,3499641.0,12255967.0,0.016691
2.0,2853619.0,2940370.0,13432351.0,381417.0,3568356.0,13184423.0,0.018438
2.0,12166343.0,6087217.0,85141329.0,6091581.0,85157904.0,85076918.0,0.203258
2.0,12150745.0,6075463.0,85041637.0,6081493.0,85056417.0,84995400.0,0.203168
2.0,12162507.0,6081339.0,85121795.0,6087409.0,85136893.0,85076967.0,0.203364
2.0,12158128.0,6078766.0,85093375.0,6085447.0,85108973.0,85044778.0,0.203282
2.0,12160847.0,6080387.0,85111524.0,6087016.0,85127105.0,85066310.0,0.203338
2.0,12164193.0,6082213.0,85134263.0,6088288.0,85149451.0,85089080.0,0.203393
2.0,12151555.0,6076348.0,85043655.0,6080525.0,85057425.0,84998625.0,0.20318
2.0,12157189.0,6078629.0,85084377.0,6084732.0,85099017.0,85041038.0,0.203279
2.0,12256174.0,499535.0,71838571.0,8462068.0,73712798.0,44206879.0,0.28874
2.0,12356900.0,496186.0,73620236.0,8807017.0,75496461.0,46153775.0,0.300872
2.0,12552236.0,494818.0,76375731.0,9295575.0,78242786.0,49078609.0,0.319817
2.0,12499391.0,496264.0,75677580.0,9174267.0,77546001.0,48325623.0,0.315298
2.0,12359308.0,514276.0,73972128.0,8897876.0,75833339.0,46751489.0,0.30624
2.0,12076623.0,548064.0,70394773.0,8265058.0,72276180.0,43011464.0,0.283051
2.0,12227926.0,495537.0,72680280.0,8703697.0,74535710.0,45488924.0,0.299659
2.0,12254418.0,494373.0,73123982.0,8777437.0,74974277.0,45974910.0,0.302253
1.0,15996358.0,1739021.0,115178209.0,13441888.0,119305918.0,72017049.0,0.208768
1.0,16256350.0,1731426.0,118390498.0,13981500.0,122475467.0,75244414.0,0.218013
1.0,15339881.0,1981503.0,107153062.0,12037116.0,111069659.0,63836855.0,0.178411
1.0,15975848.0,1723877.0,115065844.0,13424260.0,119208401.0,71917325.0,0.208639
1.0,15520853.0,1834050.0,108479715.0,12254978.0,112650271.0,65173933.0,0.188601
1.0,15801650.0,1825123.0,112102892.0,12857900.0,116135633.0,68561044.0,0.196079
1.0,16092080.0,1733716.0,116325224.0,13630801.0,120458985.0,73168337.0,0.212188
1.0,16412598.0,1729908.0,120298501.0,14293671.0,124439445.0,77137133.0,0.223965
1.0,20537879.0,3411661.0,51178393.0,1158181.0,12379738.0,45853071.0,0.130566
1.0,20206432.0,3410121.0,50949581.0,1175798.0,12315144.0,45989937.0,0.131044
1.0,20038010.0,3411731.0,50754436.0,1167605.0,12239994.0,45965506.0,0.130971
1.0,20873870.0,3422059.0,51639598.0,1160943.0,12498313.0,46055695.0,0.131225
1.0,20399451.0,3402880.0,50970861.0,1150002.0,12238964.0,45772421.0,0.130417
1.0,20022885.0,3411935.0,50674877.0,1153075.0,12170862.0,45891712.0,0.130757
1.0,20868622.0,3409539.0,51500194.0,1152249.0,12438493.0,45860235.0,0.130668
1.0,20484821.0,3403589.0,51069679.0,1151386.0,12294949.0,45788117.0,0.130462
1.0,12917630.0,791943.0,46056779.0,4467981.0,45566602.0,42542976.0,0.085361
1.0,12871556.0,686280.0,46066460.0,4531207.0,45697962.0,42769507.0,0.086145
1.0,13018712.0,755306.0,47058181.0,4673312.0,46610386.0,43628203.0,0.087799
1.0,12911911.0,730297.0,46037061.0,4491172.0,45625256.0,42670274.0,0.086004
1.0,13053698.0,760290.0,45982487.0,4416696.0,45540589.0,42518858.0,0.084949
1.0,12938950.0,762649.0,44237537.0,4116830.0,43784077.0,40739491.0,0.081234
1.0,12880206.0,727310.0,46016122.0,4506822.0,45596031.0,42644356.0,0.086188
1.0,12895615.0,667086.0,43415313.0,3985203.0,43082887.0,40091409.0,0.079971
1.0,10622509.0,520748.0,60900153.0,7293663.0,61664490.0,46336538.0,0.215737
1.0,11019118.0,472197.0,65924945.0,8184235.0,66685856.0,51436843.0,0.237732
1.0,10998373.0,471138.0,65693776.0,8145364.0,66452097.0,51248092.0,0.236939
1.0,10789873.0,470786.0,63175746.0,7720761.0,63934877.0,48705586.0,0.226163
1.0,10884423.0,489304.0,64111390.0,7854174.0,64874856.0,49570925.0,0.229774
1.0,10746912.0,471301.0,62396287.0,7564657.0,63159643.0,47827976.0,0.22261
1.0,10959251.0,471855.0,65244005.0,8059813.0,66004656.0,50784198.0,0.235131
1.0,10969404.0,472105.0,65562435.0,8126747.0,66321400.0,51138780.0,0.237475
1.0,11889334.0,8673112.0,56918637.0,2251144.0,19354016.0,56852477.0,0.088346
1.0,11913646.0,8604105.0,58012580.0,2540266.0,20832748.0,57950568.0,0.090156
1.0,12036654.0,8627917.0,58893297.0,2631354.0,21454186.0,58828813.0,0.091431
1.0,12308146.0,8867155.0,57748657.0,2044838.0,18341296.0,57672661.0,0.089584
1.0,12356178.0,8745332.0,60449493.0,2677236.0,21983538.0,60374414.0,0.093699
1.0,11864291.0,8584519.0,57847216.0,2536267.0,20831422.0,57788655.0,0.089838
1.0,12449146.0,8736449.0,61990719.0,2947545.0,23650799.0,61916873.0,0.096266
1.0,12566461.0,8742863.0,63116020.0,3100829.0,24623186.0,63045658.0,0.098018
1.0,12134106.0,6072178.0,84920867.0,6075338.0,84924217.0,84899734.0,0.199808
1.0,12154890.0,6078932.0,85069178.0,6082069.0,85072074.0,85051536.0,0.200269
1.0,12160266.0,6080626.0,85115403.0,6088412.0,85118059.0,85101681.0,0.200384
1.0,12161678.0,6081119.0,85126670.0,6089170.0,85129578.0,85110458.0,0.2004
1.0,12163238.0,6082121.0,85134995.0,6089509.0,85137684.0,85120150.0,0.200428
1.0,12165165.0,6083103.0,85147970.0,6090309.0,85150625.0,85132976.0,0.200459
1.0,12141074.0,6071130.0,84978512.0,6078202.0,84981280.0,84962315.0,0.200055
1.0,12158265.0,6079811.0,85098715.0,6086630.0,85101401.0,85083144.0,0.20034
1.0,11716572.0,115288.0,52311951.0,4168770.0,32926657.0,52243886.0,0.081791
1.0,11911588.0,97388.0,55655182.0,4811637.0,36494855.0,55598389.0,0.088007
1.0,11857543.0,97685.0,54967682.0,4693183.0,35798004.0,54910506.0,0.086837
1.0,11917617.0,97460.0,55635541.0,4802325.0,36453858.0,55579209.0,0.088003
1.0,11986368.0,97512.0,56025038.0,4834941.0,36738536.0,55968333.0,0.088307
1.0,11906625.0,97454.0,55135948.0,4672229.0,35845978.0,55082630.0,0.086957
1.0,12046376.0,97358.0,57148977.0,5023599.0,37930058.0,57097472.0,0.090528
1.0,11685226.0,98692.0,54289471.0,4621351.0,35395087.0,54234901.0,0.087196
2.0,48446.0,29908.0,329670.0,36368.0,341863.0,294264.0,0.52958
2.0,33812.0,18523.0,226659.0,24066.0,236645.0,201726.0,0.535062
2.0,33241.0,17987.0,225679.0,23680.0,235228.0,202113.0,0.577484
2.0,133368517.0,32484469.0,799647256.0,104326220.0,874284671.0,424104467.0,0.904169
2.0,33118.0,17907.0,222720.0,23410.0,232450.0,198827.0,0.552299
2.0,33069.0,17922.0,222748.0,23469.0,232377.0,198827.0,0.549201
2.0,34341.0,18629.0,233399.0,24633.0,243328.0,208298.0,0.543105
2.0,34041.0,18604.0,230031.0,24390.0,240041.0,205012.0,0.592712
2.0,16201325.0,1727728.0,118123259.0,13948576.0,122267754.0,75199579.0,0.321375
2.0,16091386.0,1719623.0,116955215.0,13768746.0,121059921.0,74092230.0,0.315636
2.0,15598307.0,1973130.0,110674091.0,12645572.0,114614089.0,67549788.0,0.279734
2.0,15910816.0,1721841.0,114540264.0,13339544.0,118689988.0,71484689.0,0.304296
2.0,15435149.0,1822071.0,107983476.0,12200285.0,112159472.0,64967742.0,0.275573
2.0,15953119.0,1817292.0,114337911.0,13245778.0,118387164.0,70998324.0,0.299304
2.0,16432767.0,1726604.0,120804311.0,14387269.0,124946607.0,77784530.0,0.330597
2.0,16226018.0,1723633.0,118192676.0,13941180.0,122349714.0,75084672.0,0.320764
2.0,63595.0,39556.0,431914.0,47455.0,438211.0,397046.0,0.310822
2.0,43977.0,24139.0,293328.0,31012.0,298242.0,271334.0,0.361674
2.0,44737.0,24291.0,302519.0,31712.0,307291.0,280262.0,0.342351
2.0,119620947.0,31008040.0,713461278.0,96673078.0,742495073.0,424178935.0,0.667944
2.0,43392.0,23587.0,290960.0,30517.0,295784.0,269613.0,0.342582
2.0,43461.0,23666.0,291520.0,30606.0,296255.0,269613.0,0.316016
2.0,44740.0,24332.0,302739.0,31739.0,307525.0,280262.0,0.324818
2.0,44293.0,24245.0,297732.0,31351.0,302621.0,275798.0,0.324836
2.0,7209555.0,146654.0,36934519.0,3626024.0,29333650.0,34384922.0,0.105955
2.0,7258376.0,149048.0,37502549.0,3719845.0,29866359.0,34812302.0,0.107506
2.0,7272468.0,150923.0,37586542.0,3726138.0,29919663.0,34847850.0,0.107635
2.0,7289880.0,147386.0,37634535.0,3734970.0,29990132.0,34965592.0,0.107937
2.0,7249057.0,142266.0,37209522.0,3662271.0,29562780.0,34623373.0,0.106806
2.0,7252665.0,144011.0,37190628.0,3649623.0,29510592.0,34587357.0,0.106717
2.0,7252114.0,146423.0,37214676.0,3650570.0,29520302.0,34567364.0,0.106706
2.0,7277454.0,151122.0,37409746.0,3668616.0,29663511.0,34669637.0,0.107089
2.0,12119310.0,6062164.0,84818399.0,6065407.0,84830009.0,84771068.0,0.299028
2.0,12112463.0,6055542.0,84779354.0,6061944.0,84791393.0,84742910.0,0.29903
2.0,12163531.0,6081367.0,85134960.0,6086600.0,85146025.0,85102017.0,0.300304
2.0,12166254.0,6082179.0,85156596.0,6089123.0,85169523.0,85119036.0,0.300353
2.0,12124717.0,6061608.0,84864269.0,6068183.0,84876707.0,84828454.0,0.299332
2.0,12180875.0,6090122.0,85256426.0,6095391.0,85267685.0,85222316.0,0.300725
2.0,12128482.0,6064031.0,84888066.0,6068533.0,84898770.0,84852629.0,0.299423
2.0,12188432.0,6093775.0,85308736.0,6099120.0,85320013.0,85275037.0,0.300912
2.0,2370012.0,2567195.0,11803733.0,373202.0,3409118.0,11653427.0,0.017871
2.0,2345426.0,2599220.0,12804122.0,414584.0,3598476.0,12655089.0,0.019964
2.0,2359776.0,2557149.0,11910822.0,382807.0,3411322.0,11767059.0,0.018201
2.0,2416887.0,2547641.0,11509804.0,364543.0,3306734.0,11326210.0,0.017318
2.0,2427882.0,2540187.0,11239411.0,353723.0,3246660.0,11058215.0,0.016775
2.0,2351701.0,2561390.0,11746307.0,358712.0,3283109.0,11614480.0,0.017956
2.0,2347228.0,2575717.0,12085121.0,365204.0,3319508.0,11945422.0,0.018644
2.0,2404562.0,2529643.0,11161503.0,345524.0,3197452.0,10989952.0,0.016687
2.0,16516467.0,526350.0,88311131.0,9411470.0,93467329.0,43961029.0,0.229542
2.0,16638421.0,518887.0,90942986.0,9941769.0,96601396.0,47276840.0,0.246728
2.0,16834238.0,522437.0,93976846.0,10498082.0,100143393.0,50598983.0,0.263644
2.0,16821470.0,520815.0,93877415.0,10481150.0,100016885.0,50513864.0,0.263546
2.0,16539386.0,537607.0,90605179.0,9950791.0,96261732.0,47418385.0,0.248297
2.0,16298000.0,575476.0,88204915.0,9521527.0,93444755.0,44892422.0,0.235803
2.0,16486210.0,518712.0,90200200.0,9919602.0,95828653.0,47176444.0,0.248558
2.0,16651151.0,519226.0,92255712.0,10255826.0,98184111.0,49233307.0,0.257615
3.0,156504.0,97170.0,1055978.0,115482.0,1059053.0,1014680.0,0.140702
3.0,108788.0,59317.0,725678.0,77321.0,727765.0,698068.0,0.135328
3.0,116938.0,64018.0,799810.0,83900.0,801531.0,759296.0,0.129753
3.0,108699.0,59477.0,727644.0,76378.0,729523.0,700630.0,0.146515
3.0,108711.0,59445.0,727692.0,76404.0,729620.0,700630.0,0.15094
3.0,109165.0,60090.0,726288.0,76771.0,728841.0,698178.0,0.150803
3.0,110303.0,60400.0,739431.0,77859.0,741874.0,710586.0,0.15921
3.0,173494263.0,46190022.0,1005070726.0,145778819.0,1016985693.0,732599013.0,0.440004
3.0,2647441.0,2915114.0,13839951.0,375505.0,3405953.0,13773815.0,0.03685
3.0,2832555.0,2905659.0,12610039.0,468869.0,3869464.0,12529909.0,0.031446
3.0,2687098.0,2913293.0,14510128.0,485997.0,3926634.0,14447666.0,0.038599
3.0,2767097.0,2915099.0,13343759.0,473607.0,3887419.0,13284047.0,0.034244
3.0,2822220.0,2904075.0,12228926.0,421694.0,3635604.0,12145453.0,0.030383
3.0,2673200.0,2915577.0,13441013.0,378768.0,3399336.0,13385848.0,0.035439
3.0,2780139.0,2920174.0,12315653.0,355395.0,3305842.0,12228734.0,0.031191
3.0,2725768.0,2926104.0,13181318.0,375437.0,3394077.0,13102194.0,0.034342
3.0,127073.0,78954.0,857867.0,93842.0,860351.0,824330.0,0.157473
3.0,90901.0,48237.0,614768.0,67836.0,616513.0,591728.0,0.168177
3.0,96462.0,52830.0,661159.0,69400.0,662694.0,625716.0,0.160593
3.0,88496.0,48400.0,592283.0,62169.0,593908.0,569220.0,0.190027
3.0,88438.0,48378.0,591959.0,62148.0,593607.0,569220.0,0.193279
3.0,89093.0,48999.0,592575.0,62668.0,594754.0,568938.0,0.19215
3.0,90055.0,49312.0,603744.0,63598.0,605831.0,579176.0,0.200368
3.0,172208246.0,46012806.0,998201380.0,145012583.0,1010388426.0,732461431.0,0.54196
3.0,7262567.0,165572.0,37210994.0,3650450.0,29574466.0,34527289.0,0.066239
3.0,7315012.0,153605.0,37777884.0,3770816.0,30211978.0,35088791.0,0.067387
3.0,7330349.0,150567.0,37822370.0,3779575.0,30263493.0,35211982.0,0.067579
3.0,7347709.0,154068.0,37932086.0,3786673.0,30333324.0,35263975.0,0.06771
3.0,7297586.0,156283.0,37456407.0,3689973.0,29797802.0,34753655.0,0.066779
3.0,7304807.0,161198.0,37480273.0,3672414.0,29745892.0,34693519.0,0.066709
3.0,7290978.0,154718.0,37334045.0,3660511.0,29653924.0,34665767.0,0.066592
3.0,7315565.0,149298.0,37375155.0,3665517.0,29706684.0,34780101.0,0.066758
3.0,6949012.0,161611.0,35905942.0,3536089.0,28054159.0,34775220.0,0.06406
3.0,6892776.0,146089.0,35567961.0,3503143.0,27785936.0,34475181.0,0.063553
3.0,6915000.0,139684.0,35621667.0,3510448.0,27869282.0,34586871.0,0.063683
3.0,6919091.0,142235.0,35664940.0,3514234.0,27888020.0,34602985.0,0.063742
3.0,6918954.0,142559.0,35665907.0,3513837.0,27884485.0,34607264.0,0.063755
3.0,6880693.0,147502.0,35519290.0,3497473.0,27739553.0,34413765.0,0.063459
3.0,6878562.0,139095.0,35434412.0,3492199.0,27720889.0,34400673.0,0.063349
3.0,6944560.0,151502.0,35872592.0,3531738.0,28002194.0,34737553.0,0.064083
3.0,10590582.0,745388.0,85228205.0,7590956.0,88454015.0,28095470.0,0.116206
3.0,10540228.0,737039.0,84953986.0,7575864.0,88176487.0,28060419.0,0.116121
3.0,10432958.0,737231.0,84389807.0,7510237.0,87479871.0,27888671.0,0.11546
3.0,10530905.0,739713.0,85011375.0,7568836.0,88179248.0,28018080.0,0.115994
3.0,10674115.0,960857.0,85236865.0,7548216.0,88172468.0,27914834.0,0.115542
3.0,10484949.0,739642.0,84819832.0,7546917.0,87947423.0,27999206.0,0.115919
3.0,10478588.0,738541.0,84606825.0,7530621.0,87735025.0,27924024.0,0.115605
3.0,10540149.0,738974.0,85022007.0,7571875.0,88226284.0,28030685.0,0.116044
3.0,2716158.0,2979177.0,14230686.0,410074.0,3738337.0,14165447.0,0.018181
3.0,2762471.0,2893348.0,12255665.0,398535.0,3602755.0,12201546.0,0.014867
3.0,2701260.0,2977546.0,14368059.0,417265.0,3709191.0,14317373.0,0.018534
3.0,2731842.0,2920968.0,13016044.0,394667.0,3589897.0,12959867.0,0.016225
3.0,2777666.0,2902888.0,12032046.0,376865.0,3501978.0,11974133.0,0.014514
3.0,2689130.0,2929826.0,13578976.0,389507.0,3551681.0,13530195.0,0.017287
3.0,2756302.0,2913762.0,12407633.0,371587.0,3477331.0,12345625.0,0.015201
3.0,2732579.0,2948169.0,13331369.0,388021.0,3561446.0,13270919.0,0.01678
1.0,2798934.0,2992917.0,14359777.0,411882.0,3774961.0,14190197.0,0.018892
1.0,2830775.0,2878814.0,12261782.0,385896.0,3563096.0,12085377.0,0.015301
1.0,2781967.0,2999894.0,14436032.0,403248.0,3672712.0,14290523.0,0.019201
1.0,2801018.0,2918803.0,13028489.0,379116.0,3532704.0,12863659.0,0.016732
1.0,2822595.0,2880236.0,11996265.0,363481.0,3441734.0,11839070.0,0.014915
1.0,2776076.0,2952852.0,13699501.0,385788.0,3562584.0,13557492.0,0.017965
1.0,2818339.0,2900652.0,12458939.0,369992.0,3483964.0,12291173.0,0.015714
1.0,2767922.0,2942405.0,13344238.0,380998.0,3545789.0,13206550.0,0.017341
1.0,55401.0,34400.0,376012.0,41228.0,381511.0,345103.0,0.288873
1.0,40037.0,20971.0,272652.0,30360.0,278630.0,251865.0,0.353686
1.0,38926.0,21083.0,262961.0,27490.0,267171.0,242917.0,0.352934
1.0,118800336.0,30972049.0,711000671.0,96493388.0,740164411.0,424143905.0,0.759472
1.0,38528.0,20998.0,258798.0,27209.0,263142.0,239011.0,0.402081
1.0,38679.0,21076.0,259582.0,27297.0,263877.0,239011.0,0.371099
1.0,38975.0,21115.0,263279.0,27527.0,267506.0,242917.0,0.373812
1.0,38618.0,21050.0,259024.0,27199.0,263315.0,239011.0,0.366461
1.0,13845334.0,102734.0,53514604.0,3994982.0,33203946.0,51108115.0,0.126191
1.0,13968630.0,89150.0,56507610.0,4576226.0,36495358.0,54152089.0,0.135694
1.0,13969903.0,89130.0,56500292.0,4572643.0,36481855.0,54150220.0,0.135708
1.0,13953817.0,89134.0,56358907.0,4543532.0,36312800.0,54019999.0,0.135376
1.0,14043933.0,89179.0,56718487.0,4570887.0,36555164.0,54356017.0,0.135434
1.0,14040117.0,89271.0,56590196.0,4543664.0,36402757.0,54221844.0,0.135243
1.0,13977939.0,89114.0,56117636.0,4473950.0,35963717.0,53758661.0,0.134517
1.0,13719776.0,90360.0,55060237.0,4386143.0,35286275.0,52739950.0,0.13405
1.0,2315991.0,2547120.0,11543100.0,349283.0,3160660.0,11454783.0,0.032668
1.0,2281894.0,2538066.0,12828583.0,467746.0,3721842.0,12749844.0,0.037144
1.0,2346543.0,2548821.0,12163585.0,457248.0,3675767.0,12093237.0,0.034426
1.0,2357178.0,2534809.0,11746459.0,446890.0,3616128.0,11680325.0,0.032859
1.0,2415113.0,2566926.0,11611671.0,442156.0,3609170.0,11538144.0,0.032149
1.0,2294492.0,2530024.0,11633347.0,369732.0,3229080.0,11560373.0,0.033092
1.0,2266819.0,2539758.0,11821748.0,349238.0,3130065.0,11747307.0,0.034028
1.0,2352367.0,2555233.0,11050361.0,335897.0,3071114.0,10978061.0,0.030845
1.0,2390397.0,2528191.0,11602265.0,348187.0,3204495.0,11385933.0,0.034046
1.0,2342419.0,2572168.0,12571051.0,381775.0,3386686.0,12393244.0,0.038029
1.0,2351315.0,2561088.0,11800086.0,367478.0,3305688.0,11663277.0,0.035005
1.0,2380225.0,2533531.0,11338361.0,347733.0,3181498.0,11169943.0,0.033168
1.0,2410267.0,2546376.0,11120848.0,337562.0,3129681.0,10952553.0,0.032241
1.0,2356729.0,2521395.0,11569622.0,340761.0,3138598.0,11381901.0,0.034219
1.0,2294684.0,2542796.0,11870758.0,348882.0,3190373.0,11739735.0,0.035615
1.0,2464066.0,2557543.0,11182931.0,335663.0,3124983.0,10969226.0,0.032279
1.0,2300166.0,2554406.0,11700447.0,372896.0,3387685.0,11638727.0,0.01697
1.0,2266668.0,2572786.0,12659642.0,412015.0,3537027.0,12598491.0,0.018915
1.0,2324436.0,2567360.0,11946077.0,397434.0,3464568.0,11882212.0,0.017444
1.0,2338127.0,2553574.0,11484528.0,376932.0,3351817.0,11420090.0,0.016579
1.0,2348359.0,2542431.0,11226455.0,370070.0,3313996.0,11159808.0,0.016072
1.0,2314423.0,2571463.0,11755141.0,367763.0,3320459.0,11699565.0,0.017175
1.0,2281594.0,2569465.0,12008855.0,367369.0,3313834.0,11954958.0,0.01774
1.0,2343744.0,2553701.0,11159148.0,352564.0,3232372.0,11099416.0,0.015998
1.0,15300597.0,3430550.0,46088711.0,1182031.0,10336842.0,46030472.0,0.057402
1.0,15404497.0,3424328.0,46865407.0,1324389.0,11003093.0,46807424.0,0.058465
1.0,15388492.0,3422175.0,46772908.0,1310500.0,10934386.0,46714299.0,0.058346
1.0,15376539.0,3419863.0,46738696.0,1309023.0,10926096.0,46680882.0,0.058303
1.0,15345904.0,3419498.0,46443833.0,1251352.0,10635485.0,46385012.0,0.05793
1.0,15362492.0,3431757.0,46230472.0,1180114.0,10294180.0,46174175.0,0.057662
1.0,15338187.0,3426675.0,46137566.0,1172769.0,10249912.0,46083496.0,0.05755
1.0,15391947.0,3438669.0,46300683.0,1177177.0,10288009.0,46245613.0,0.057751
2.0,2732007.0,2945738.0,14014970.0,380691.0,3471672.0,13867838.0,0.036686
2.0,2868467.0,2891029.0,12253126.0,382232.0,3468457.0,12052235.0,0.030133
2.0,2727994.0,2922184.0,14170093.0,394423.0,3505502.0,14006031.0,0.037293
2.0,2770571.0,2914298.0,12880566.0,366346.0,3374550.0,12742488.0,0.03277
2.0,2871252.0,2902095.0,11963207.0,348643.0,3289219.0,11773434.0,0.029304
2.0,2746379.0,2914267.0,13458834.0,363319.0,3340176.0,13302387.0,0.034917
2.0,2815160.0,2921300.0,12368499.0,354823.0,3326017.0,12222879.0,0.030874
2.0,2753427.0,2912231.0,13140297.0,361091.0,3336075.0,12991513.0,0.033773
2.0,44075424.0,93022.0,84750898.0,4185147.0,55497247.0,52124247.0,0.208795
2.0,43321693.0,81748.0,83976876.0,4248900.0,55334047.0,51990786.0,0.208523
2.0,43709717.0,83740.0,85761912.0,4469376.0,57130463.0,53584602.0,0.215913
2.0,43821217.0,83963.0,85883149.0,4477110.0,57149959.0,53567436.0,0.216158
2.0,43681954.0,82986.0,82632105.0,3884696.0,53222491.0,50243331.0,0.200827
2.0,44108011.0,83796.0,86222235.0,4462112.0,57263528.0,53679723.0,0.216079
2.0,43914255.0,83571.0,86134743.0,4480107.0,57330525.0,53806830.0,0.216606
2.0,43460835.0,84249.0,85123587.0,4437226.0,56585044.0,53065746.0,0.216966
2.0,50803454.0,5514378.0,223205910.0,2174120.0,54981433.0,223127242.0,0.780557
2.0,51913869.0,5361507.0,227523573.0,2135635.0,55265193.0,227499542.0,0.859028
2.0,51496557.0,5943634.0,226743627.0,2211971.0,55955877.0,226721616.0,0.67263
2.0,51439152.0,5714079.0,226131326.0,2176849.0,55495381.0,226108061.0,0.713936
2.0,51403603.0,5612844.0,225798204.0,2157964.0,55270561.0,225774200.0,0.741379
2.0,51390916.0,5639349.0,225772663.0,2157051.0,55282622.0,225749285.0,0.725808
2.0,51181834.0,5982202.0,223210360.0,1638317.0,52501544.0,223189817.0,0.656413
2.0,51429402.0,5704361.0,226137020.0,2205398.0,55587582.0,226114034.0,0.713464
2.0,8339900.0,757468.0,46195603.0,4114503.0,44126914.0,28149330.0,0.067905
2.0,8372718.0,748040.0,46640242.0,4214583.0,44567417.0,28647480.0,0.06902
2.0,8414395.0,749430.0,46865528.0,4240432.0,44790201.0,28759170.0,0.069286
2.0,8392434.0,750969.0,46663434.0,4194303.0,44581844.0,28571567.0,0.068898
2.0,8389994.0,825853.0,46375784.0,4112161.0,44183022.0,28141306.0,0.06797
2.0,8385070.0,750824.0,46432132.0,4141007.0,44358539.0,28282216.0,0.068334
2.0,8393092.0,753036.0,46468305.0,4137648.0,44385189.0,28291162.0,0.068354
2.0,8381621.0,752311.0,46408862.0,4130331.0,44324211.0,28252927.0,0.068268
2.0,21227610.0,147704.0,52903676.0,3777667.0,45596107.0,34471205.0,0.122492
2.0,21137819.0,143481.0,52983102.0,3813674.0,45709915.0,34570066.0,0.122976
2.0,21074491.0,145782.0,53042751.0,3828288.0,45761186.0,34679187.0,0.12338
2.0,21210242.0,140913.0,52934685.0,3787757.0,45647504.0,34540179.0,0.122821
2.0,20906235.0,147411.0,52800494.0,3796620.0,45545723.0,34539353.0,0.122939
2.0,21162936.0,147780.0,53036942.0,3793586.0,45677480.0,34489482.0,0.12276
2.0,21311146.0,141985.0,53053605.0,3786102.0,45708529.0,34598104.0,0.123011
2.0,21155357.0,144344.0,52950639.0,3789274.0,45629939.0,34548443.0,0.122905
2.0,15792741.0,8636311.0,63477508.0,2751999.0,25772950.0,59629504.0,0.146722
2.0,15874786.0,8568368.0,68758392.0,3775098.0,32654952.0,65235983.0,0.160643
2.0,15256193.0,8638966.0,62459109.0,2665632.0,25109235.0,59119575.0,0.145527
2.0,16409323.0,8899473.0,69105212.0,3315032.0,30038821.0,65449489.0,0.161399
2.0,16595597.0,8763622.0,71052310.0,3797238.0,33214811.0,67184749.0,0.165723
2.0,15109595.0,8582652.0,62186294.0,2717841.0,25344159.0,58898635.0,0.145159
2.0,16153141.0,8734929.0,66355304.0,3058727.0,28071374.0,62510740.0,0.15393
2.0,15803272.0,8780879.0,66847142.0,3158939.0,28783791.0,63474987.0,0.15765
2.0,49724546.0,5415851.0,218575240.0,2152009.0,54035540.0,218416132.0,0.763173
2.0,55047769.0,5664221.0,241218368.0,2256996.0,58573113.0,241171940.0,0.964311
2.0,50918203.0,5886747.0,224393258.0,2236491.0,55654590.0,224348005.0,0.609988
2.0,52155663.0,5782714.0,229386581.0,2237561.0,56465720.0,229339890.0,0.682945
2.0,51063641.0,5579264.0,224482600.0,2190073.0,55203063.0,224435343.0,0.709844
2.0,50855716.0,5586380.0,223648393.0,2193226.0,55076164.0,223601612.0,0.690897
2.0,50627956.0,5928520.0,220930181.0,1646929.0,52160991.0,220886268.0,0.593592
2.0,50857029.0,5649576.0,223762309.0,2203020.0,55191925.0,223714509.0,0.670817
3.0,50112446.0,5446784.0,220221235.0,2154198.0,54337440.0,220074812.0,1.072015
3.0,53168387.0,5480945.0,232953381.0,2169421.0,56512714.0,232912259.0,1.273088
3.0,51065126.0,5899922.0,224887437.0,2204604.0,55579565.0,224841274.0,0.888393
3.0,51818102.0,5748236.0,227783688.0,2191177.0,55906826.0,227741399.0,0.967232
3.0,50592312.0,5531676.0,222316564.0,2144133.0,54536933.0,222272570.0,1.003244
3.0,51564347.0,5653210.0,226560053.0,2173103.0,55528651.0,226518435.0,0.989305
3.0,51267618.0,5988707.0,223545615.0,1625747.0,52550878.0,223505159.0,0.870613
3.0,51485246.0,5708753.0,226320905.0,2179338.0,55557582.0,226278556.0,0.960915
3.0,50693907.0,5510579.0,222763400.0,2179839.0,54947455.0,222678828.0,0.605531
3.0,52300211.0,5401026.0,229280967.0,2166742.0,55779735.0,229257038.0,0.687469
3.0,51466234.0,5942991.0,226701370.0,2232853.0,56066722.0,226678301.0,0.504221
3.0,51359937.0,5708819.0,225856278.0,2191016.0,55527749.0,225832611.0,0.542578
3.0,51459672.0,5620288.0,226132808.0,2183563.0,55473048.0,226108351.0,0.569746
3.0,51407242.0,5643127.0,225925652.0,2178943.0,55432223.0,225901182.0,0.559594
3.0,51143942.0,5981642.0,223103709.0,1643190.0,52547195.0,223081533.0,0.491463
3.0,51322313.0,5697781.0,225693360.0,2193218.0,55502217.0,225668890.0,0.544045
3.0,8381170.0,772328.0,46455598.0,4150630.0,44385536.0,28346827.0,0.044191
3.0,8411608.0,757787.0,46804745.0,4225459.0,44731012.0,28684016.0,0.044734
3.0,8406466.0,757972.0,46792587.0,4223611.0,44716219.0,28676412.0,0.044715
3.0,8392266.0,759710.0,46610712.0,4177843.0,44528006.0,28478379.0,0.044457
3.0,8399541.0,834336.0,46454361.0,4122557.0,44258355.0,28194135.0,0.04405
3.0,8402575.0,759478.0,46549977.0,4158705.0,44474782.0,28364700.0,0.04433
3.0,8406864.0,761719.0,46573193.0,4153599.0,44489002.0,28367312.0,0.044332
3.0,8380783.0,760703.0,46443529.0,4136579.0,44355022.0,28291851.0,0.044221
3.0,2772442.0,2948687.0,14071271.0,381781.0,3503149.0,13870176.0,0.037191
3.0,2891362.0,2904996.0,12239386.0,368932.0,3419757.0,12020075.0,0.030474
3.0,2742178.0,2927251.0,14114269.0,376118.0,3429770.0,13922214.0,0.037621
3.0,2831661.0,2904321.0,12963005.0,373356.0,3432091.0,12745234.0,0.033221
3.0,2876125.0,2896690.0,11969718.0,349478.0,3312209.0,11755778.0,0.029664
3.0,2762312.0,2905964.0,13466059.0,363076.0,3357136.0,13272174.0,0.035327
3.0,2879967.0,2921797.0,12446117.0,356225.0,3353935.0,12223081.0,0.031294
3.0,2791199.0,2916425.0,13197758.0,362646.0,3369211.0,12999982.0,0.03425
3.0,12135251.0,6071157.0,84933814.0,6073519.0,84936350.0,84916770.0,0.288564
3.0,12113393.0,6057604.0,84782561.0,6059847.0,84784718.0,84768174.0,0.288168
3.0,12181599.0,6091905.0,85260959.0,6094048.0,85262961.0,85248375.0,0.289802
3.0,12145140.0,6073486.0,85006797.0,6075930.0,85008988.0,84992512.0,0.288927
3.0,12124119.0,6063092.0,84857905.0,6065192.0,84859960.0,84844376.0,0.288428
3.0,12190662.0,6096336.0,85323491.0,6098462.0,85325504.0,85309908.0,0.290011
3.0,12133711.0,6067856.0,84924705.0,6069966.0,84926735.0,84911277.0,0.288656
3.0,12125851.0,6063918.0,84869754.0,6066037.0,84871776.0,84856618.0,0.28847
3.0,48589428.0,5307801.0,213694617.0,2123113.0,54078557.0,213433372.0,0.875986
3.0,57064654.0,5861017.0,249937098.0,2311333.0,61744657.0,249876328.0,1.186377
3.0,50626144.0,5860470.0,223109458.0,2224730.0,56547188.0,223040797.0,0.687909
3.0,52888356.0,5854774.0,232529353.0,2252517.0,58350525.0,232466168.0,0.792755
3.0,50952023.0,5569119.0,224025753.0,2194424.0,56340011.0,223961630.0,0.815363
3.0,50504378.0,5553301.0,222120311.0,2182200.0,55920968.0,222058303.0,0.791264
3.0,50200831.0,5888472.0,219056470.0,1629652.0,52359118.0,218993140.0,0.663819
3.0,50446914.0,5610983.0,221974994.0,2188689.0,55970237.0,221911968.0,0.758802
3.0,20548206.0,142843.0,52144119.0,3765946.0,44855896.0,34347906.0,0.188424
3.0,20890394.0,130992.0,52590185.0,3810441.0,45313280.0,34710844.0,0.190254
3.0,20483462.0,142944.0,52511471.0,3838047.0,45257702.0,34669734.0,0.190393
3.0,20913367.0,134940.0,52526496.0,3782613.0,45160994.0,34517200.0,0.189305
3.0,20917329.0,133565.0,52387939.0,3758101.0,45017135.0,34417531.0,0.188713
3.0,20412465.0,147154.0,52439781.0,3808326.0,45165613.0,34584449.0,0.190015
3.0,20569632.0,141789.0,52390039.0,3789471.0,45065817.0,34508644.0,0.189452
3.0,20264408.0,148056.0,52306279.0,3807861.0,45037695.0,34549573.0,0.189887
1.0,2428663.0,2571533.0,11883693.0,374398.0,3467552.0,11649731.0,0.01856
1.0,2375731.0,2595580.0,12762171.0,398956.0,3564211.0,12561448.0,0.020614
1.0,2397074.0,2545210.0,11942184.0,384269.0,3463613.0,11731022.0,0.018858
1.0,2427266.0,2548284.0,11538546.0,366986.0,3366639.0,11326213.0,0.017988
1.0,2414794.0,2532887.0,11208845.0,350781.0,3269754.0,11010773.0,0.017362
1.0,2385007.0,2555619.0,11782181.0,359457.0,3330346.0,11589022.0,0.018617
1.0,2405508.0,2588196.0,12183474.0,367913.0,3390124.0,11974830.0,0.019404
1.0,2446204.0,2541966.0,11244858.0,348670.0,3263466.0,11020751.0,0.017373
1.0,12137269.0,6071530.0,84945787.0,6074318.0,84951205.0,84909724.0,0.298238
1.0,12099596.0,6049778.0,84689924.0,6054804.0,84694963.0,84665058.0,0.297482
1.0,12172349.0,6086483.0,85196897.0,6090508.0,85201955.0,85173047.0,0.29927
1.0,12165648.0,6082751.0,85152613.0,6087986.0,85158485.0,85125778.0,0.299098
1.0,12131461.0,6065846.0,84911798.0,6070706.0,84917602.0,84886066.0,0.29826
1.0,12170107.0,6085440.0,85182013.0,6089466.0,85187246.0,85154468.0,0.299205
1.0,12132236.0,6066625.0,84916381.0,6070084.0,84921210.0,84888846.0,0.298274
1.0,12159036.0,6079841.0,85103636.0,6083832.0,85108667.0,85077913.0,0.298937
1.0,12011067.0,8604569.0,58890702.0,2630401.0,21556785.0,58831308.0,0.139076
1.0,12041636.0,8603216.0,59628650.0,2800204.0,22413459.0,59570979.0,0.140682
1.0,12188117.0,8632864.0,60750756.0,2929287.0,23252741.0,60690851.0,0.143381
1.0,12461793.0,8855668.0,59734700.0,2376765.0,20335243.0,59664671.0,0.140753
1.0,12541742.0,8768664.0,62556045.0,3006297.0,23954512.0,62483606.0,0.147458
1.0,11905209.0,8549120.0,58666527.0,2691891.0,21766818.0,58611653.0,0.138715
1.0,12708121.0,8718868.0,65251463.0,3502285.0,26947178.0,65182050.0,0.153841
1.0,12738695.0,8765969.0,65037408.0,3403171.0,26409086.0,64969603.0,0.153771
1.0,6957887.0,177262.0,35989052.0,3546346.0,28163668.0,34865633.0,0.041186
1.0,6907145.0,157527.0,35671408.0,3513077.0,27890963.0,34567862.0,0.040906
1.0,6947294.0,157384.0,35874371.0,3532651.0,28055883.0,34776829.0,0.041146
1.0,6948260.0,155881.0,35860128.0,3531775.0,28055359.0,34774890.0,0.041137
1.0,6940228.0,151895.0,35788119.0,3525708.0,28016193.0,34733485.0,0.041064
1.0,6891173.0,150946.0,35539182.0,3502062.0,27824026.0,34492117.0,0.040774
1.0,6919662.0,159517.0,35756782.0,3520872.0,27947457.0,34640289.0,0.041009
1.0,6939682.0,152763.0,35795743.0,3526680.0,28021001.0,34733301.0,0.041062
1.0,13984850.0,94172.0,53514077.0,3956611.0,33040059.0,51003027.0,0.193204
1.0,13933318.0,83826.0,55911865.0,4476128.0,35914593.0,53537811.0,0.204198
1.0,13936584.0,83845.0,55950153.0,4486893.0,35970890.0,53569808.0,0.204521
1.0,14081294.0,83724.0,56483494.0,4532105.0,36306735.0,54048062.0,0.207213
1.0,13895169.0,82589.0,55126522.0,4323378.0,35048253.0,52755723.0,0.200734
1.0,14004477.0,82718.0,55273636.0,4298698.0,34974037.0,52871088.0,0.201087
1.0,13996337.0,83765.0,56136898.0,4481413.0,36010029.0,53755671.0,0.204872
1.0,13660998.0,84986.0,54864118.0,4379024.0,35172992.0,52556483.0,0.204214
1.0,11673984.0,103194.0,51733452.0,4071452.0,32309753.0,51669691.0,0.120603
1.0,11772756.0,89827.0,54069565.0,4528070.0,34883942.0,54019351.0,0.127016
1.0,11796965.0,89875.0,54441571.0,4594854.0,35274191.0,54391135.0,0.128219
1.0,11863316.0,89753.0,55176077.0,4719252.0,36000099.0,55124672.0,0.130088
1.0,11930992.0,88731.0,55462327.0,4743241.0,36173752.0,55411829.0,0.130118
1.0,11750127.0,88731.0,53491033.0,4411389.0,34231884.0,53443339.0,0.125283
1.0,11905260.0,89760.0,55671233.0,4789543.0,36481394.0,55621405.0,0.131011
1.0,11613617.0,90812.0,53459634.0,4486452.0,34554307.0,53407316.0,0.127194
1.0,13212856.0,8672765.0,59058322.0,2396708.0,20422417.0,57670494.0,0.096506
1.0,13263344.0,8596846.0,60735262.0,2774006.0,22544908.0,59367408.0,0.099267
1.0,13274195.0,8627450.0,60239394.0,2635259.0,21773832.0,58869682.0,0.098451
1.0,13524255.0,8876043.0,58544256.0,1943978.0,18054385.0,57131060.0,0.0954
1.0,13862442.0,8760633.0,63256421.0,2884107.0,23538996.0,61717832.0,0.103397
1.0,13234093.0,8574237.0,59124436.0,2510228.0,20939456.0,57614833.0,0.096466
1.0,13898593.0,8755009.0,63784876.0,2992345.0,24145884.0,62228971.0,0.103945
1.0,13826280.0,8783521.0,64032074.0,3009651.0,24293077.0,62617835.0,0.10479
2.0,44723581.0,101316.0,84131842.0,3943286.0,54447009.0,50758704.0,0.139483
2.0,44304507.0,88798.0,86492201.0,4503772.0,57803988.0,53704705.0,0.149597
2.0,44501986.0,88780.0,86631062.0,4478557.0,57763118.0,53656411.0,0.149671
2.0,44447139.0,88982.0,86384640.0,4444054.0,57513720.0,53447340.0,0.149072
2.0,44657974.0,89119.0,86889746.0,4477120.0,57894468.0,53813237.0,0.149202
2.0,44632380.0,89183.0,86968822.0,4499616.0,58031046.0,53923039.0,0.149667
2.0,44520370.0,88917.0,86874978.0,4514265.0,58037027.0,53917594.0,0.150018
2.0,43736408.0,89558.0,85122721.0,4391342.0,56729059.0,52722225.0,0.149057
2.0,50113729.0,5448308.0,220250021.0,2155195.0,55486511.0,220005127.0,1.276214
2.0,54525314.0,5613927.0,238817907.0,2205714.0,58968441.0,238764776.0,1.577985
2.0,51156445.0,5910229.0,225263196.0,2203345.0,56804108.0,225201389.0,1.024455
2.0,53372600.0,5900300.0,234482866.0,2228934.0,58557822.0,234424516.0,1.157896
2.0,49958230.0,5471414.0,219582774.0,2129690.0,55080597.0,219524618.0,1.158514
2.0,50627346.0,5563852.0,222515521.0,2150097.0,55779969.0,222457100.0,1.146632
2.0,50999273.0,5964113.0,222377609.0,1618276.0,52895688.0,222321064.0,0.996195
2.0,50347959.0,5600112.0,221404248.0,2149441.0,55601382.0,221346655.0,1.098833
2.0,9509499.0,760250.0,60912675.0,5472670.0,59485676.0,28189716.0,0.056161
2.0,9510132.0,747190.0,61039240.0,5509803.0,59641882.0,28319234.0,0.05647
2.0,9482424.0,747759.0,60778726.0,5459547.0,59357285.0,28106178.0,0.056095
2.0,9508069.0,750346.0,60932656.0,5470893.0,59498358.0,28162612.0,0.056216
2.0,9576961.0,888413.0,61074850.0,5460424.0,59447660.0,28052580.0,0.055984
2.0,9507400.0,748619.0,60892776.0,5471031.0,59472991.0,28148487.0,0.056189
2.0,9436530.0,746871.0,60515771.0,5428527.0,59076249.0,27996910.0,0.055886
2.0,9475840.0,748982.0,60777452.0,5452910.0,59344315.0,28094488.0,0.056079
2.0,10684123.0,528317.0,61409689.0,7366535.0,62173803.0,46809975.0,0.144723
2.0,11054303.0,479097.0,66275718.0,8230421.0,67033983.0,51743911.0,0.15914
2.0,11311952.0,477124.0,69335592.0,8740364.0,70093539.0,54838924.0,0.167865
2.0,11141976.0,477757.0,67358176.0,8407951.0,68121789.0,52843492.0,0.162375
2.0,11027343.0,494969.0,65690505.0,8107964.0,66454109.0,51092757.0,0.157089
2.0,10811556.0,478574.0,63055891.0,7663093.0,63820861.0,48449658.0,0.149862
2.0,11130215.0,477623.0,67206410.0,8377990.0,67968607.0,52671486.0,0.161837
2.0,10984715.0,478807.0,65589581.0,8120664.0,66349894.0,51113740.0,0.158165
2.0,13643826.0,8654194.0,63431334.0,3123978.0,24717607.0,61973706.0,0.157926
2.0,13256010.0,8469299.0,61180612.0,2954665.0,23513018.0,59790707.0,0.152361
2.0,13507240.0,8590771.0,64472237.0,3398367.0,26262534.0,63224918.0,0.161579
2.0,13779277.0,8792512.0,61020342.0,2414650.0,20775921.0,59511767.0,0.152025
2.0,13758935.0,8820644.0,65289858.0,3244703.0,25640536.0,64096110.0,0.163693
2.0,13291881.0,8645640.0,62495715.0,3069701.0,24264679.0,61278413.0,0.156913
2.0,14113910.0,8779983.0,66926728.0,3508247.0,27198482.0,65445585.0,0.167178
2.0,13896905.0,8809404.0,68633426.0,3815129.0,29087557.0,67589820.0,0.173039
2.0,19713499.0,1854774.0,136661407.0,15130663.0,151934152.0,76933285.0,0.241166
2.0,19689244.0,1854458.0,140109540.0,15762115.0,155777880.0,80609788.0,0.269965
2.0,19391057.0,2118103.0,131404420.0,14163562.0,145502017.0,71234524.0,0.211821
2.0,19370561.0,1841900.0,131796505.0,14304358.0,146341840.0,71853149.0,0.221791
2.0,18900039.0,1950044.0,124970518.0,13118081.0,138363827.0,65016146.0,0.200147
2.0,18954071.0,1968496.0,126331011.0,13343522.0,139869803.0,66376497.0,0.202531
2.0,19664398.0,1847261.0,135338808.0,14894711.0,150408420.0,75312623.0,0.23222
2.0,19547809.0,1836862.0,134321127.0,14750351.0,149281222.0,74726145.0,0.230571
2.0,15378773.0,3435664.0,46217373.0,1169466.0,10209343.0,46165745.0,0.101587
2.0,15254155.0,3397838.0,45894926.0,1178265.0,10183064.0,45846617.0,0.100972
2.0,15303667.0,3409002.0,46042782.0,1181617.0,10216019.0,45993700.0,0.101294
2.0,15266333.0,3398015.0,46027874.0,1204347.0,10317296.0,45978913.0,0.101262
2.0,15451363.0,3435899.0,46676448.0,1244518.0,10565523.0,46624024.0,0.102687
2.0,15279870.0,3405634.0,45919399.0,1165197.0,10131142.0,45867653.0,0.101013
2.0,15315555.0,3414428.0,45995479.0,1159274.0,10111795.0,45945911.0,0.101185
2.0,15308174.0,3412728.0,45973662.0,1158661.0,10107012.0,45923349.0,0.101135
3.0,12372009.0,505003.0,72757476.0,8593931.0,74630636.0,44929366.0,0.199832
3.0,12733922.0,499862.0,77727118.0,9469825.0,79596428.0,50118521.0,0.22214
3.0,12584642.0,498712.0,76085256.0,9218014.0,77952206.0,48584983.0,0.216448
3.0,12579614.0,499778.0,76365904.0,9273939.0,78225660.0,48918912.0,0.217893
3.0,12533216.0,518170.0,75718813.0,9169458.0,77581176.0,48314565.0,0.215667
3.0,12296020.0,552090.0,72841209.0,8661754.0,74720262.0,45357415.0,0.202876
3.0,12467715.0,498845.0,75235087.0,9116728.0,77091503.0,47947304.0,0.214898
3.0,12410299.0,498440.0,74666500.0,9017893.0,76517968.0,47364194.0,0.212
3.0,10555516.0,749665.0,84978521.0,7572309.0,88173651.0,28070989.0,0.07771
3.0,10524871.0,742706.0,84973526.0,7572316.0,88135454.0,28065034.0,0.077781
3.0,10517442.0,744718.0,84905884.0,7558837.0,88035615.0,28028487.0,0.0777
3.0,10624605.0,745779.0,85489687.0,7615034.0,88712894.0,28159832.0,0.078065
3.0,10708674.0,966577.0,85544247.0,7575928.0,88478937.0,27985905.0,0.077567
3.0,10544690.0,743270.0,85012136.0,7569338.0,88180914.0,28041306.0,0.077737
3.0,10469267.0,740989.0,84578394.0,7530086.0,87697345.0,27924679.0,0.077413
3.0,10546780.0,744131.0,85068248.0,7573501.0,88223597.0,28054299.0,0.077771
