model,numLoadInsts,numStoreInsts,numInsts,numBranches,intAluAccesses,numOps,ipc,hit,L1Icache,L1Dcache,L2cache,pipelinewidth
2,12917630,791943,46056779,4467981,45566602,42542976,0.085361,10663293,32768,524288,1048576,8
2,12871556,686280,46066460,4531207,45697962,42769507,0.086145,10615871,32768,524288,1048576,8
2,13018712,755306,47058181,4673312,46610386,43628203,0.087799,10778558,32768,524288,1048576,8
2,12911911,730297,46037061,4491172,45625256,42670274,0.086004,10666281,32768,524288,1048576,8
2,13053698,760290,45982487,4416696,45540589,42518858,0.084949,10777753,32768,524288,1048576,8
2,12938950,762649,44237537,4116830,43784077,40739491,0.081234,10632697,32768,524288,1048576,8
2,12880206,727310,46016122,4506822,45596031,42644356,0.086188,10651803,32768,524288,1048576,8
2,12895615,667086,43415313,3985203,43082887,40091409,0.079971,10557517,32768,524288,1048576,8
2,12119310,6062164,84818399,6065407,84830009,84771068,0.299028,17787210,32768,524288,1048576,8
2,12112463,6055542,84779354,6061944,84791393,84742910,0.29903,17775625,32768,524288,1048576,8
2,12163531,6081367,85134960,6086600,85146025,85102017,0.300304,17850316,32768,524288,1048576,8
2,12166254,6082179,85156596,6089123,85169523,85119036,0.300353,17853861,32768,524288,1048576,8
2,12124717,6061608,84864269,6068183,84876707,84828454,0.299332,17793191,32768,524288,1048576,8
2,12180875,6090122,85256426,6095391,85267685,85222316,0.300725,17875516,32768,524288,1048576,8
2,12128482,6064031,84888066,6068533,84898770,84852629,0.299423,17798954,32768,524288,1048576,8
2,12188432,6093775,85308736,6099120,85320013,85275037,0.300912,17887170,32768,524288,1048576,8
2,15378773,3435664,46217373,1169466,10209343,46165745,0.101587,12331202,32768,524288,1048576,8
2,15254155,3397838,45894926,1178265,10183064,45846617,0.100972,12209755,32768,524288,1048576,8
2,15303667,3409002,46042782,1181617,10216019,45993700,0.101294,12234170,32768,524288,1048576,8
2,15266333,3398015,46027874,1204347,10317296,45978913,0.101262,12184033,32768,524288,1048576,8
2,15451363,3435899,46676448,1244518,10565523,46624024,0.102687,12396922,32768,524288,1048576,8
2,15279870,3405634,45919399,1165197,10131142,45867653,0.101013,12218083,32768,524288,1048576,8
2,15315555,3414428,45995479,1159274,10111795,45945911,0.101185,12256113,32768,524288,1048576,8
2,15308174,3412728,45973662,1158661,10107012,45923349,0.101135,12281583,32768,524288,1048576,8
2,15254175,3400763,45792683,1155686,10103483,45699310,0.121854,11351001,32768,524288,1048576,8
2,15334808,3406054,46213752,1214011,10413954,46121049,0.123073,11379092,32768,524288,1048576,8
2,15319491,3402791,46147269,1207606,10376500,46052656,0.122888,11360183,32768,524288,1048576,8
2,15467001,3437359,46552786,1207689,10415031,46460406,0.123972,11459076,32768,524288,1048576,8
2,15307303,3403829,46017267,1180082,10227467,45922161,0.122535,11358548,32768,524288,1048576,8
2,15280765,3400598,45854707,1155865,10088732,45765891,0.122115,11323518,32768,524288,1048576,8
2,15394323,3426267,46176026,1159469,10135712,46088903,0.122977,11443929,32768,524288,1048576,8
2,15341964,3414547,46020271,1155382,10101614,45931650,0.122557,11407710,32768,524288,1048576,8
2,7209555,146654,36934519,3626024,29333650,34384922,0.105955,4011276,32768,524288,1048576,8
2,7258376,149048,37502549,3719845,29866359,34812302,0.107506,4139206,32768,524288,1048576,8
2,7272468,150923,37586542,3726138,29919663,34847850,0.107635,4135916,32768,524288,1048576,8
2,7289880,147386,37634535,3734970,29990132,34965592,0.107937,4134936,32768,524288,1048576,8
2,7249057,142266,37209522,3662271,29562780,34623373,0.106806,4085431,32768,524288,1048576,8
2,7252665,144011,37190628,3649623,29510592,34587357,0.106717,4042334,32768,524288,1048576,8
2,7252114,146423,37214676,3650570,29520302,34567364,0.106706,4060381,32768,524288,1048576,8
2,7277454,151122,37409746,3668616,29663511,34669637,0.107089,4150405,32768,524288,1048576,8
2,2390397,2528191,11602265,348187,3204495,11385933,0.034046,2563347,32768,524288,1048576,8
2,2342419,2572168,12571051,381775,3386686,12393244,0.038029,2614077,32768,524288,1048576,8
2,2351315,2561088,11800086,367478,3305688,11663277,0.035005,2621909,32768,524288,1048576,8
2,2380225,2533531,11338361,347733,3181498,11169943,0.033168,2578195,32768,524288,1048576,8
2,2410267,2546376,11120848,337562,3129681,10952553,0.032241,2583674,32768,524288,1048576,8
2,2356729,2521395,11569622,340761,3138598,11381901,0.034219,2560800,32768,524288,1048576,8
2,2294684,2542796,11870758,348882,3190373,11739735,0.035615,2594133,32768,524288,1048576,8
2,2464066,2557543,11182931,335663,3124983,10969226,0.032279,2571936,32768,524288,1048576,8
2,6949012,161611,35905942,3536089,28054159,34775220,0.06406,4440699,32768,524288,1048576,8
2,6892776,146089,35567961,3503143,27785936,34475181,0.063553,4313482,32768,524288,1048576,8
2,6915000,139684,35621667,3510448,27869282,34586871,0.063683,4298184,32768,524288,1048576,8
2,6919091,142235,35664940,3514234,27888020,34602985,0.063742,4296209,32768,524288,1048576,8
2,6918954,142559,35665907,3513837,27884485,34607264,0.063755,4325576,32768,524288,1048576,8
2,6880693,147502,35519290,3497473,27739553,34413765,0.063459,4334332,32768,524288,1048576,8
2,6878562,139095,35434412,3492199,27720889,34400673,0.063349,4276865,32768,524288,1048576,8
2,6944560,151502,35872592,3531738,28002194,34737553,0.064083,4403969,32768,524288,1048576,8
2,16516467,526350,88311131,9411470,93467329,43961029,0.229542,13120591,32768,524288,1048576,8
2,16638421,518887,90942986,9941769,96601396,47276840,0.246728,13242303,32768,524288,1048576,8
2,16834238,522437,93976846,10498082,100143393,50598983,0.263644,13429156,32768,524288,1048576,8
2,16821470,520815,93877415,10481150,100016885,50513864,0.263546,13457715,32768,524288,1048576,8
2,16539386,537607,90605179,9950791,96261732,47418385,0.248297,13196470,32768,524288,1048576,8
2,16298000,575476,88204915,9521527,93444755,44892422,0.235803,13008578,32768,524288,1048576,8
2,16486210,518712,90200200,9919602,95828653,47176444,0.248558,13121797,32768,524288,1048576,8
2,16651151,519226,92255712,10255826,98184111,49233307,0.257615,13293306,32768,524288,1048576,8
2,2335957,2533055,11549146,348097,3163047,11406367,0.033629,2601470,32768,524288,1048576,8
2,2305829,2577289,12539447,381874,3338164,12410420,0.037552,2648938,32768,524288,1048576,8
2,2411152,2564190,11880363,371716,3284018,11695167,0.034604,2610135,32768,524288,1048576,8
2,2397853,2528552,11369574,353600,3169098,11191951,0.032768,2572897,32768,524288,1048576,8
2,2419419,2538679,11111731,337393,3086152,10939145,0.031769,2576204,32768,524288,1048576,8
2,2295808,2525962,11510692,341053,3097367,11402655,0.033802,2595612,32768,524288,1048576,8
2,2307845,2554191,11896465,349075,3151254,11776949,0.035219,2613936,32768,524288,1048576,8
2,2423957,2539979,11101989,333943,3068879,10923568,0.031729,2574012,32768,524288,1048576,8
2,16201325,1727728,118123259,13948576,122267754,75199579,0.321375,13588312,32768,524288,1048576,8
2,16091386,1719623,116955215,13768746,121059921,74092230,0.315636,13473309,32768,524288,1048576,8
2,15598307,1973130,110674091,12645572,114614089,67549788,0.279734,13169074,32768,524288,1048576,8
2,15910816,1721841,114540264,13339544,118689988,71484689,0.304296,13289739,32768,524288,1048576,8
2,15435149,1822071,107983476,12200285,112159472,64967742,0.275573,12916358,32768,524288,1048576,8
2,15953119,1817292,114337911,13245778,118387164,70998324,0.299304,13317261,32768,524288,1048576,8
2,16432767,1726604,120804311,14387269,124946607,77784530,0.330597,13816893,32768,524288,1048576,8
2,16226018,1723633,118192676,13941180,122349714,75084672,0.320764,13607637,32768,524288,1048576,8
2,15177167,3400732,45712492,1175443,10306148,45601511,0.054059,11230977,32768,524288,1048576,8
2,15196201,3388076,45786816,1189342,10331248,45681652,0.05424,11270980,32768,524288,1048576,8
2,15342299,3421861,46186229,1189324,10368310,46081848,0.054713,11348901,32768,524288,1048576,8
2,15126100,3374802,45524865,1168372,10206345,45425599,0.05393,11230616,32768,524288,1048576,8
2,15621028,3486271,46970002,1195578,10475168,46867698,0.055644,11550536,32768,524288,1048576,8
2,15444802,3446811,46443534,1182726,10362128,46337628,0.055014,11444950,32768,524288,1048576,8
2,15381895,3432997,46241931,1175224,10304611,46139353,0.054779,11375786,32768,524288,1048576,8
2,15591742,3479991,46873398,1190743,10441348,46769597,0.055527,11545492,32768,524288,1048576,8
2,2300166,2554406,11700447,372896,3387685,11638727,0.01697,2653820,32768,524288,1048576,8
2,2266668,2572786,12659642,412015,3537027,12598491,0.018915,2654883,32768,524288,1048576,8
2,2324436,2567360,11946077,397434,3464568,11882212,0.017444,2656762,32768,524288,1048576,8
2,2338127,2553574,11484528,376932,3351817,11420090,0.016579,2636480,32768,524288,1048576,8
2,2348359,2542431,11226455,370070,3313996,11159808,0.016072,2619582,32768,524288,1048576,8
2,2314423,2571463,11755141,367763,3320459,11699565,0.017175,2652380,32768,524288,1048576,8
2,2281594,2569465,12008855,367369,3313834,11954958,0.01774,2645853,32768,524288,1048576,8
2,2343744,2553701,11159148,352564,3232372,11099416,0.015998,2630980,32768,524288,1048576,8
2,12148720,1335633,87327637,10620828,89180093,67029954,0.236907,12572852,32768,524288,1048576,8
2,11926352,1345182,84621677,10164063,86487910,64213563,0.226458,12336894,32768,524288,1048576,8
2,12186232,1329425,87782994,10709183,89634340,67486972,0.237952,12584649,32768,524288,1048576,8
2,12013413,1340170,85746343,10356260,87598716,65387995,0.230463,12392024,32768,524288,1048576,8
2,11248457,1653602,76519250,8727729,78088220,56062059,0.194869,11853502,32768,524288,1048576,8
2,12035696,1350008,85709136,10317768,87582633,65183385,0.229942,12439035,32768,524288,1048576,8
2,11976742,1348858,84929911,10185819,86803816,64400876,0.227335,12376088,32768,524288,1048576,8
2,12184072,1333727,87611601,10656340,89469921,67221562,0.23769,12596822,32768,524288,1048576,8
2,50693907,5510579,222763400,2179839,54947455,222678828,0.605531,40800599,32768,524288,1048576,8
2,52300211,5401026,229280967,2166742,55779735,229257038,0.687469,41759424,32768,524288,1048576,8
2,51466234,5942991,226701370,2232853,56066722,226678301,0.504221,41633518,32768,524288,1048576,8
2,51359937,5708819,225856278,2191016,55527749,225832611,0.542578,41356352,32768,524288,1048576,8
2,51459672,5620288,226132808,2183563,55473048,226108351,0.569746,41349088,32768,524288,1048576,8
2,51407242,5643127,225925652,2178943,55432223,225901182,0.559594,41330679,32768,524288,1048576,8
2,51143942,5981642,223103709,1643190,52547195,223081533,0.491463,41355135,32768,524288,1048576,8
2,51322313,5697781,225693360,2193218,55502217,225668890,0.544045,41319826,32768,524288,1048576,8
2,15792741,8636311,63477508,2751999,25772950,59629504,0.146722,13832723,32768,524288,1048576,8
2,15874786,8568368,68758392,3775098,32654952,65235983,0.160643,14254472,32768,524288,1048576,8
2,15256193,8638966,62459109,2665632,25109235,59119575,0.145527,13859072,32768,524288,1048576,8
2,16409323,8899473,69105212,3315032,30038821,65449489,0.161399,14858340,32768,524288,1048576,8
2,16595597,8763622,71052310,3797238,33214811,67184749,0.165723,14682868,32768,524288,1048576,8
2,15109595,8582652,62186294,2717841,25344159,58898635,0.145159,13793781,32768,524288,1048576,8
2,16153141,8734929,66355304,3058727,28071374,62510740,0.15393,14280259,32768,524288,1048576,8
2,15803272,8780879,66847142,3158939,28783791,63474987,0.15765,14485875,32768,524288,1048576,8
2,2732007,2945738,14014970,380691,3471672,13867838,0.036686,3061856,32768,524288,1048576,8
2,2868467,2891029,12253126,382232,3468457,12052235,0.030133,2968522,32768,524288,1048576,8
2,2727994,2922184,14170093,394423,3505502,14006031,0.037293,3030867,32768,524288,1048576,8
2,2770571,2914298,12880566,366346,3374550,12742488,0.03277,3005130,32768,524288,1048576,8
2,2871252,2902095,11963207,348643,3289219,11773434,0.029304,2956206,32768,524288,1048576,8
2,2746379,2914267,13458834,363319,3340176,13302387,0.034917,3001700,32768,524288,1048576,8
2,2815160,2921300,12368499,354823,3326017,12222879,0.030874,3001528,32768,524288,1048576,8
2,2753427,2912231,13140297,361091,3336075,12991513,0.033773,3001785,32768,524288,1048576,8
2,20548206,142843,52144119,3765946,44855896,34347906,0.188424,3953467,32768,524288,1048576,8
2,20890394,130992,52590185,3810441,45313280,34710844,0.190254,3910049,32768,524288,1048576,8
2,20483462,142944,52511471,3838047,45257702,34669734,0.190393,4004211,32768,524288,1048576,8
2,20913367,134940,52526496,3782613,45160994,34517200,0.189305,3881257,32768,524288,1048576,8
2,20917329,133565,52387939,3758101,45017135,34417531,0.188713,3874789,32768,524288,1048576,8
2,20412465,147154,52439781,3808326,45165613,34584449,0.190015,4007260,32768,524288,1048576,8
2,20569632,141789,52390039,3789471,45065817,34508644,0.189452,3989673,32768,524288,1048576,8
2,20264408,148056,52306279,3807861,45037695,34549573,0.189887,4057475,32768,524288,1048576,8
2,2716158,2979177,14230686,410074,3738337,14165447,0.018181,3281651,32768,524288,1048576,8
2,2762471,2893348,12255665,398535,3602755,12201546,0.014867,3133360,32768,524288,1048576,8
2,2701260,2977546,14368059,417265,3709191,14317373,0.018534,3300184,32768,524288,1048576,8
2,2731842,2920968,13016044,394667,3589897,12959867,0.016225,3183072,32768,524288,1048576,8
2,2777666,2902888,12032046,376865,3501978,11974133,0.014514,3117064,32768,524288,1048576,8
2,2689130,2929826,13578976,389507,3551681,13530195,0.017287,3206906,32768,524288,1048576,8
2,2756302,2913762,12407633,371587,3477331,12345625,0.015201,3143284,32768,524288,1048576,8
2,2732579,2948169,13331369,388021,3561446,13270919,0.01678,3211021,32768,524288,1048576,8
2,6957887,177262,35989052,3546346,28163668,34865633,0.041186,4412855,32768,524288,1048576,8
2,6907145,157527,35671408,3513077,27890963,34567862,0.040906,4313307,32768,524288,1048576,8
2,6947294,157384,35874371,3532651,28055883,34776829,0.041146,4372911,32768,524288,1048576,8
2,6948260,155881,35860128,3531775,28055359,34774890,0.041137,4347579,32768,524288,1048576,8
2,6940228,151895,35788119,3525708,28016193,34733485,0.041064,4306707,32768,524288,1048576,8
2,6891173,150946,35539182,3502062,27824026,34492117,0.040774,4291542,32768,524288,1048576,8
2,6919662,159517,35756782,3520872,27947457,34640289,0.041009,4381667,32768,524288,1048576,8
2,6939682,152763,35795743,3526680,28021001,34733301,0.041062,4313538,32768,524288,1048576,8
2,12372009,505003,72757476,8593931,74630636,44929366,0.199832,10800366,32768,524288,1048576,8
2,12733922,499862,77727118,9469825,79596428,50118521,0.22214,11170854,32768,524288,1048576,8
2,12584642,498712,76085256,9218014,77952206,48584983,0.216448,11023320,32768,524288,1048576,8
2,12579614,499778,76365904,9273939,78225660,48918912,0.217893,11025923,32768,524288,1048576,8
2,12533216,518170,75718813,9169458,77581176,48314565,0.215667,10990460,32768,524288,1048576,8
2,12296020,552090,72841209,8661754,74720262,45357415,0.202876,10772349,32768,524288,1048576,8
2,12467715,498845,75235087,9116728,77091503,47947304,0.214898,10918381,32768,524288,1048576,8
2,12410299,498440,74666500,9017893,76517968,47364194,0.212,10861110,32768,524288,1048576,8
2,15996358,1739021,115178209,13441888,119305918,72017049,0.208768,13319529,32768,524288,1048576,8
2,16256350,1731426,118390498,13981500,122475467,75244414,0.218013,13559139,32768,524288,1048576,8
2,15339881,1981503,107153062,12037116,111069659,63836855,0.178411,12850574,32768,524288,1048576,8
2,15975848,1723877,115065844,13424260,119208401,71917325,0.208639,13297457,32768,524288,1048576,8
2,15520853,1834050,108479715,12254978,112650271,65173933,0.188601,12938875,32768,524288,1048576,8
2,15801650,1825123,112102892,12857900,116135633,68561044,0.196079,13107224,32768,524288,1048576,8
2,16092080,1733716,116325224,13630801,120458985,73168337,0.212188,13423852,32768,524288,1048576,8
2,16412598,1729908,120298501,14293671,124439445,77137133,0.223965,13744024,32768,524288,1048576,8
2,50113729,5448308,220250021,2155195,55486511,220005127,1.276214,37544867,32768,524288,1048576,8
2,54525314,5613927,238817907,2205714,58968441,238764776,1.577985,40924038,32768,524288,1048576,8
2,51156445,5910229,225263196,2203345,56804108,225201389,1.024455,38241809,32768,524288,1048576,8
2,53372600,5900300,234482866,2228934,58557822,234424516,1.157896,39939328,32768,524288,1048576,8
2,49958230,5471414,219582774,2129690,55080597,219524618,1.158514,37110238,32768,524288,1048576,8
2,50627346,5563852,222515521,2150097,55779969,222457100,1.146632,37601061,32768,524288,1048576,8
2,50999273,5964113,222377609,1618276,52895688,222321064,0.996195,38123243,32768,524288,1048576,8
2,50347959,5600112,221404248,2149441,55601382,221346655,1.098833,37438780,32768,524288,1048576,8
2,8339900,757468,46195603,4114503,44126914,28149330,0.067905,7885151,32768,524288,1048576,8
2,8372718,748040,46640242,4214583,44567417,28647480,0.06902,7916617,32768,524288,1048576,8
2,8414395,749430,46865528,4240432,44790201,28759170,0.069286,7946702,32768,524288,1048576,8
2,8392434,750969,46663434,4194303,44581844,28571567,0.068898,7921361,32768,524288,1048576,8
2,8389994,825853,46375784,4112161,44183022,28141306,0.06797,7905239,32768,524288,1048576,8
2,8385070,750824,46432132,4141007,44358539,28282216,0.068334,7925687,32768,524288,1048576,8
2,8393092,753036,46468305,4137648,44385189,28291162,0.068354,7930493,32768,524288,1048576,8
2,8381621,752311,46408862,4130331,44324211,28252927,0.068268,7907382,32768,524288,1048576,8
2,44075424,93022,84750898,4185147,55497247,52124247,0.208795,4131722,32768,524288,1048576,8
2,43321693,81748,83976876,4248900,55334047,51990786,0.208523,4123697,32768,524288,1048576,8
2,43709717,83740,85761912,4469376,57130463,53584602,0.215913,4214658,32768,524288,1048576,8
2,43821217,83963,85883149,4477110,57149959,53567436,0.216158,4265780,32768,524288,1048576,8
2,43681954,82986,82632105,3884696,53222491,50243331,0.200827,3980790,32768,524288,1048576,8
2,44108011,83796,86222235,4462112,57263528,53679723,0.216079,4264593,32768,524288,1048576,8
2,43914255,83571,86134743,4480107,57330525,53806830,0.216606,4244274,32768,524288,1048576,8
2,43460835,84249,85123587,4437226,56585044,53065746,0.216966,4251966,32768,524288,1048576,8
2,12135251,6071157,84933814,6073519,84936350,84916770,0.288564,17809119,32768,524288,1048576,8
2,12113393,6057604,84782561,6059847,84784718,84768174,0.288168,17774842,32768,524288,1048576,8
2,12181599,6091905,85260959,6094048,85262961,85248375,0.289802,17874930,32768,524288,1048576,8
2,12145140,6073486,85006797,6075930,85008988,84992512,0.288927,17821396,32768,524288,1048576,8
2,12124119,6063092,84857905,6065192,84859960,84844376,0.288428,17790614,32768,524288,1048576,8
2,12190662,6096336,85323491,6098462,85325504,85309908,0.290011,17887733,32768,524288,1048576,8
2,12133711,6067856,84924705,6069966,84926735,84911277,0.288656,17804483,32768,524288,1048576,8
2,12125851,6063918,84869754,6066037,84871776,84856618,0.28847,17793381,32768,524288,1048576,8
2,12256174,499535,71838571,8462068,73712798,44206879,0.28874,10698036,32768,524288,1048576,8
2,12356900,496186,73620236,8807017,75496461,46153775,0.300872,10803072,32768,524288,1048576,8
2,12552236,494818,76375731,9295575,78242786,49078609,0.319817,11003787,32768,524288,1048576,8
2,12499391,496264,75677580,9174267,77546001,48325623,0.315298,10951982,32768,524288,1048576,8
2,12359308,514276,73972128,8897876,75833339,46751489,0.30624,10828929,32768,524288,1048576,8
2,12076623,548064,70394773,8265058,72276180,43011464,0.283051,10559640,32768,524288,1048576,8
2,12227926,495537,72680280,8703697,74535710,45488924,0.299659,10687784,32768,524288,1048576,8
2,12254418,494373,73123982,8777437,74974277,45974910,0.302253,10717792,32768,524288,1048576,8
2,7262567,165572,37210994,3650450,29574466,34527289,0.066239,3921609,32768,524288,1048576,8
2,7315012,153605,37777884,3770816,30211978,35088791,0.067387,3980409,32768,524288,1048576,8
2,7330349,150567,37822370,3779575,30263493,35211982,0.067579,3936797,32768,524288,1048576,8
2,7347709,154068,37932086,3786673,30333324,35263975,0.06771,3959563,32768,524288,1048576,8
2,7297586,156283,37456407,3689973,29797802,34753655,0.066779,3928136,32768,524288,1048576,8
2,7304807,161198,37480273,3672414,29745892,34693519,0.066709,3929991,32768,524288,1048576,8
2,7290978,154718,37334045,3660511,29653924,34665767,0.066592,3930276,32768,524288,1048576,8
2,7315565,149298,37375155,3665517,29706684,34780101,0.066758,3900141,32768,524288,1048576,8
2,2772442,2948687,14071271,381781,3503149,13870176,0.037191,3067387,32768,524288,1048576,8
2,2891362,2904996,12239386,368932,3419757,12020075,0.030474,2979124,32768,524288,1048576,8
2,2742178,2927251,14114269,376118,3429770,13922214,0.037621,3037064,32768,524288,1048576,8
2,2831661,2904321,12963005,373356,3432091,12745234,0.033221,2984862,32768,524288,1048576,8
2,2876125,2896690,11969718,349478,3312209,11755778,0.029664,2969809,32768,524288,1048576,8
2,2762312,2905964,13466059,363076,3357136,13272174,0.035327,3012233,32768,524288,1048576,8
2,2879967,2921797,12446117,356225,3353935,12223081,0.031294,2993810,32768,524288,1048576,8
2,2791199,2916425,13197758,362646,3369211,12999982,0.03425,3014359,32768,524288,1048576,8
2,2647441,2915114,13839951,375505,3405953,13773815,0.03685,3161487,32768,524288,1048576,8
2,2832555,2905659,12610039,468869,3869464,12529909,0.031446,3120367,32768,524288,1048576,8
2,2687098,2913293,14510128,485997,3926634,14447666,0.038599,3235271,32768,524288,1048576,8
2,2767097,2915099,13343759,473607,3887419,13284047,0.034244,3190943,32768,524288,1048576,8
2,2822220,2904075,12228926,421694,3635604,12145453,0.030383,3096586,32768,524288,1048576,8
2,2673200,2915577,13441013,378768,3399336,13385848,0.035439,3170575,32768,524288,1048576,8
2,2780139,2920174,12315653,355395,3305842,12228734,0.031191,3077450,32768,524288,1048576,8
2,2725768,2926104,13181318,375437,3394077,13102194,0.034342,3136947,32768,524288,1048576,8
2,11673984,103194,51733452,4071452,32309753,51669691,0.120603,4426770,32768,524288,1048576,8
2,11772756,89827,54069565,4528070,34883942,54019351,0.127016,4597250,32768,524288,1048576,8
2,11796965,89875,54441571,4594854,35274191,54391135,0.128219,4629997,32768,524288,1048576,8
2,11863316,89753,55176077,4719252,36000099,55124672,0.130088,4688315,32768,524288,1048576,8
2,11930992,88731,55462327,4743241,36173752,55411829,0.130118,4721931,32768,524288,1048576,8
2,11750127,88731,53491033,4411389,34231884,53443339,0.125283,4537301,32768,524288,1048576,8
2,11905260,89760,55671233,4789543,36481394,55621405,0.131011,4724573,32768,524288,1048576,8
2,11613617,90812,53459634,4486452,34554307,53407316,0.127194,4548074,32768,524288,1048576,8
2,12134106,6072178,84920867,6075338,84924217,84899734,0.199808,17807428,32768,524288,1048576,8
2,12154890,6078932,85069178,6082069,85072074,85051536,0.200269,17834290,32768,524288,1048576,8
2,12160266,6080626,85115403,6088412,85118059,85101681,0.200384,17841481,32768,524288,1048576,8
2,12161678,6081119,85126670,6089170,85129578,85110458,0.2004,17843402,32768,524288,1048576,8
2,12163238,6082121,85134995,6089509,85137684,85120150,0.200428,17845887,32768,524288,1048576,8
2,12165165,6083103,85147970,6090309,85150625,85132976,0.200459,17848139,32768,524288,1048576,8
2,12141074,6071130,84978512,6078202,84981280,84962315,0.200055,17812855,32768,524288,1048576,8
2,12158265,6079811,85098715,6086630,85101401,85083144,0.20034,17838300,32768,524288,1048576,8
2,55401,34400,376012,41228,381511,345103,0.288873,76769,32768,524288,1048576,8
2,40037,20971,272652,30360,278630,251865,0.353686,50820,32768,524288,1048576,8
2,38926,21083,262961,27490,267171,242917,0.352934,49738,32768,524288,1048576,8
2,118800336,30972049,711000671,96493388,740164411,424143905,0.759472,113723003,32768,524288,1048576,8
2,38528,20998,258798,27209,263142,239011,0.402081,49349,32768,524288,1048576,8
2,38679,21076,259582,27297,263877,239011,0.371099,49387,32768,524288,1048576,8
2,38975,21115,263279,27527,267506,242917,0.373812,49721,32768,524288,1048576,8
2,38618,21050,259024,27199,263315,239011,0.366461,49264,32768,524288,1048576,8
2,49724546,5415851,218575240,2152009,54035540,218416132,0.763173,39597188,32768,524288,1048576,8
2,55047769,5664221,241218368,2256996,58573113,241171940,0.964311,43484939,32768,524288,1048576,8
2,50918203,5886747,224393258,2236491,55654590,224348005,0.609988,40716838,32768,524288,1048576,8
2,52155663,5782714,229386581,2237561,56465720,229339890,0.682945,41516960,32768,524288,1048576,8
2,51063641,5579264,224482600,2190073,55203063,224435343,0.709844,40552747,32768,524288,1048576,8
2,50855716,5586380,223648393,2193226,55076164,223601612,0.690897,40413001,32768,524288,1048576,8
2,50627956,5928520,220930181,1646929,52160991,220886268,0.593592,40464073,32768,524288,1048576,8
2,50857029,5649576,223762309,2203020,55191925,223714509,0.670817,40468868,32768,524288,1048576,8
2,13845334,102734,53514604,3994982,33203946,51108115,0.126191,3543357,32768,524288,1048576,8
2,13968630,89150,56507610,4576226,36495358,54152089,0.135694,3780894,32768,524288,1048576,8
2,13969903,89130,56500292,4572643,36481855,54150220,0.135708,3770580,32768,524288,1048576,8
2,13953817,89134,56358907,4543532,36312800,54019999,0.135376,3776028,32768,524288,1048576,8
2,14043933,89179,56718487,4570887,36555164,54356017,0.135434,3763778,32768,524288,1048576,8
2,14040117,89271,56590196,4543664,36402757,54221844,0.135243,3758208,32768,524288,1048576,8
2,13977939,89114,56117636,4473950,35963717,53758661,0.134517,3736628,32768,524288,1048576,8
2,13719776,90360,55060237,4386143,35286275,52739950,0.13405,3651602,32768,524288,1048576,8
2,11716572,115288,52311951,4168770,32926657,52243886,0.081791,4508433,32768,524288,1048576,8
2,11911588,97388,55655182,4811637,36494855,55598389,0.088007,4771245,32768,524288,1048576,8
2,11857543,97685,54967682,4693183,35798004,54910506,0.086837,4712293,32768,524288,1048576,8
2,11917617,97460,55635541,4802325,36453858,55579209,0.088003,4763048,32768,524288,1048576,8
2,11986368,97512,56025038,4834941,36738536,55968333,0.088307,4797630,32768,524288,1048576,8
2,11906625,97454,55135948,4672229,35845978,55082630,0.086957,4711101,32768,524288,1048576,8
2,12046376,97358,57148977,5023599,37930058,57097472,0.090528,4886834,32768,524288,1048576,8
2,11685226,98692,54289471,4621351,35395087,54234901,0.087196,4649062,32768,524288,1048576,8
2,12166343,6087217,85141329,6091581,85157904,85076918,0.203258,17856058,32768,524288,1048576,8
2,12150745,6075463,85041637,6081493,85056417,84995400,0.203168,17832206,32768,524288,1048576,8
2,12162507,6081339,85121795,6087409,85136893,85076967,0.203364,17848410,32768,524288,1048576,8
2,12158128,6078766,85093375,6085447,85108973,85044778,0.203282,17842593,32768,524288,1048576,8
2,12160847,6080387,85111524,6087016,85127105,85066310,0.203338,17846321,32768,524288,1048576,8
2,12164193,6082213,85134263,6088288,85149451,85089080,0.203393,17851086,32768,524288,1048576,8
2,12151555,6076348,85043655,6080525,85057425,84998625,0.20318,17834027,32768,524288,1048576,8
2,12157189,6078629,85084377,6084732,85099017,85041038,0.203279,17841366,32768,524288,1048576,8
2,63595,39556,431914,47455,438211,397046,0.310822,88229,32768,524288,1048576,8
2,43977,24139,293328,31012,298242,271334,0.361674,56528,32768,524288,1048576,8
2,44737,24291,302519,31712,307291,280262,0.342351,57303,32768,524288,1048576,8
2,119620947,31008040,713461278,96673078,742495073,424178935,0.667944,113576584,32768,524288,1048576,8
2,43392,23587,290960,30517,295784,269613,0.342582,55666,32768,524288,1048576,8
2,43461,23666,291520,30606,296255,269613,0.316016,55698,32768,524288,1048576,8
2,44740,24332,302739,31739,307525,280262,0.324818,57204,32768,524288,1048576,8
2,44293,24245,297732,31351,302621,275798,0.324836,56646,32768,524288,1048576,8
2,20537879,3411661,51178393,1158181,12379738,45853071,0.130566,10467930,32768,524288,1048576,8
2,20206432,3410121,50949581,1175798,12315144,45989937,0.131044,10522741,32768,524288,1048576,8
2,20038010,3411731,50754436,1167605,12239994,45965506,0.130971,10511863,32768,524288,1048576,8
2,20873870,3422059,51639598,1160943,12498313,46055695,0.131225,10567873,32768,524288,1048576,8
2,20399451,3402880,50970861,1150002,12238964,45772421,0.130417,10478791,32768,524288,1048576,8
2,20022885,3411935,50674877,1153075,12170862,45891712,0.130757,10537337,32768,524288,1048576,8
2,20868622,3409539,51500194,1152249,12438493,45860235,0.130668,10527272,32768,524288,1048576,8
2,20484821,3403589,51069679,1151386,12294949,45788117,0.130462,10468052,32768,524288,1048576,8
2,15075362,8676877,61482897,2494094,24093336,58237753,0.100167,13779635,32768,524288,1048576,8
2,14999008,8595260,61345920,2569125,24365196,58116090,0.09981,13606855,32768,524288,1048576,8
2,15129580,8662928,61803454,2553131,24397455,58541810,0.100528,13740922,32768,524288,1048576,8
2,15473399,8875077,60833795,1997277,20980687,57423361,0.098947,14076355,32768,524288,1048576,8
2,15798720,8774275,65148056,2860610,26789801,61603854,0.10624,14172754,32768,524288,1048576,8
2,15104717,8576194,60876270,2484990,23791271,57456561,0.099056,13509032,32768,524288,1048576,8
2,15849218,8736260,66046552,3057028,28088013,62488214,0.107678,14164172,32768,524288,1048576,8
2,15641973,8777314,65356593,2918903,27196535,62007499,0.107158,14279383,32768,524288,1048576,8
2,2370012,2567195,11803733,373202,3409118,11653427,0.017871,2668384,32768,524288,1048576,8
2,2345426,2599220,12804122,414584,3598476,12655089,0.019964,2698145,32768,524288,1048576,8
2,2359776,2557149,11910822,382807,3411322,11767059,0.018201,2649420,32768,524288,1048576,8
2,2416887,2547641,11509804,364543,3306734,11326210,0.017318,2620572,32768,524288,1048576,8
2,2427882,2540187,11239411,353723,3246660,11058215,0.016775,2608312,32768,524288,1048576,8
2,2351701,2561390,11746307,358712,3283109,11614480,0.017956,2647291,32768,524288,1048576,8
2,2347228,2575717,12085121,365204,3319508,11945422,0.018644,2654120,32768,524288,1048576,8
2,2404562,2529643,11161503,345524,3197452,10989952,0.016687,2604741,32768,524288,1048576,8
2,127073,78954,857867,93842,860351,824330,0.157473,183100,32768,524288,1048576,8
2,90901,48237,614768,67836,616513,591728,0.168177,118450,32768,524288,1048576,8
2,96462,52830,661159,69400,662694,625716,0.160593,129736,32768,524288,1048576,8
2,88496,48400,592283,62169,593908,569220,0.190027,116096,32768,524288,1048576,8
2,88438,48378,591959,62148,593607,569220,0.193279,116126,32768,524288,1048576,8
2,89093,48999,592575,62668,594754,568938,0.19215,117003,32768,524288,1048576,8
2,90055,49312,603744,63598,605831,579176,0.200368,117910,32768,524288,1048576,8
2,172208246,46012806,998201380,145012583,1010388426,732461431,0.54196,187110620,32768,524288,1048576,8
2,2866653,2990266,14423993,410805,3793083,14152931,0.020078,3141691,32768,524288,1048576,8
2,2909409,2880591,12383093,394757,3633912,12124470,0.016336,2989892,32768,524288,1048576,8
2,2842115,2981542,14489980,407468,3713162,14248720,0.020396,3124956,32768,524288,1048576,8
2,2880606,2916675,13143283,386881,3596785,12879378,0.017832,3028249,32768,524288,1048576,8
2,2917387,2890222,12120790,365732,3477345,11858221,0.015902,2988256,32768,524288,1048576,8
2,2863667,2962484,13805951,386205,3587878,13568724,0.01914,3088932,32768,524288,1048576,8
2,2885359,2895256,12519973,369479,3499641,12255967,0.016691,3005571,32768,524288,1048576,8
2,2853619,2940370,13432351,381417,3568356,13184423,0.018438,3065981,32768,524288,1048576,8
2,12793124,817219,42729480,3849874,42245503,39203052,0.050492,10541035,32768,524288,1048576,8
2,12872974,674525,46198698,4570079,45879332,43009254,0.056051,10665403,32768,524288,1048576,8
2,13223268,776246,47597293,4710952,47157957,44163923,0.056967,10984300,32768,524288,1048576,8
2,12983854,739800,47225255,4691245,46807057,43874968,0.05738,10765631,32768,524288,1048576,8
2,12863185,776143,45466828,4377839,45015427,42070210,0.055185,10656149,32768,524288,1048576,8
2,13162145,772953,47609310,4698918,47140578,44143141,0.057149,10881277,32768,524288,1048576,8
2,12980739,752128,46765773,4631211,46336366,43398077,0.056582,10776810,32768,524288,1048576,8
2,12990278,660004,46491374,4556635,46188777,43311019,0.056443,10745090,32768,524288,1048576,8
2,50803454,5514378,223205910,2174120,54981433,223127242,0.780557,40878939,32768,524288,1048576,8
2,51913869,5361507,227523573,2135635,55265193,227499542,0.859028,41447461,32768,524288,1048576,8
2,51496557,5943634,226743627,2211971,55955877,226721616,0.67263,41652224,32768,524288,1048576,8
2,51439152,5714079,226131326,2176849,55495381,226108061,0.713936,41413953,32768,524288,1048576,8
2,51403603,5612844,225798204,2157964,55270561,225774200,0.741379,41298417,32768,524288,1048576,8
2,51390916,5639349,225772663,2157051,55282622,225749285,0.725808,41312304,32768,524288,1048576,8
2,51181834,5982202,223210360,1638317,52501544,223189817,0.656413,41381785,32768,524288,1048576,8
2,51429402,5704361,226137020,2205398,55587582,226114034,0.713464,41401945,32768,524288,1048576,8
2,48589428,5307801,213694617,2123113,54078557,213433372,0.875986,36319753,32768,524288,1048576,8
2,57064654,5861017,249937098,2311333,61744657,249876328,1.186377,42680836,32768,524288,1048576,8
2,50626144,5860470,223109458,2224730,56547188,223040797,0.687909,37729444,32768,524288,1048576,8
2,52888356,5854774,232529353,2252517,58350525,232466168,0.792755,39462529,32768,524288,1048576,8
2,50952023,5569119,224025753,2194424,56340011,223961630,0.815363,37730182,32768,524288,1048576,8
2,50504378,5553301,222120311,2182200,55920968,222058303,0.791264,37381066,32768,524288,1048576,8
2,50200831,5888472,219056470,1629652,52359118,218993140,0.663819,37400657,32768,524288,1048576,8
2,50446914,5610983,221974994,2188689,55970237,221911968,0.758802,37393346,32768,524288,1048576,8
2,10590582,745388,85228205,7590956,88454015,28095470,0.116206,9406804,32768,524288,1048576,8
2,10540228,737039,84953986,7575864,88176487,28060419,0.116121,9353976,32768,524288,1048576,8
2,10432958,737231,84389807,7510237,87479871,27888671,0.11546,9271750,32768,524288,1048576,8
2,10530905,739713,85011375,7568836,88179248,28018080,0.115994,9346757,32768,524288,1048576,8
2,10674115,960857,85236865,7548216,88172468,27914834,0.115542,9418827,32768,524288,1048576,8
2,10484949,739642,84819832,7546917,87947423,27999206,0.115919,9313566,32768,524288,1048576,8
2,10478588,738541,84606825,7530621,87735025,27924024,0.115605,9305487,32768,524288,1048576,8
2,10540149,738974,85022007,7571875,88226284,28030685,0.116044,9360543,32768,524288,1048576,8
2,156504,97170,1055978,115482,1059053,1014680,0.140702,226007,32768,524288,1048576,8
2,108788,59317,725678,77321,727765,698068,0.135328,143489,32768,524288,1048576,8
2,116938,64018,799810,83900,801531,759296,0.129753,157830,32768,524288,1048576,8
2,108699,59477,727644,76378,729523,700630,0.146515,143820,32768,524288,1048576,8
2,108711,59445,727692,76404,729620,700630,0.15094,143829,32768,524288,1048576,8
2,109165,60090,726288,76771,728841,698178,0.150803,144249,32768,524288,1048576,8
2,110303,60400,739431,77859,741874,710586,0.15921,145587,32768,524288,1048576,8
2,173494263,46190022,1005070726,145778819,1016985693,732599013,0.440004,186673910,32768,524288,1048576,8
2,12011067,8604569,58890702,2630401,21556785,58831308,0.139076,16206467,32768,524288,1048576,8
2,12041636,8603216,59628650,2800204,22413459,59570979,0.140682,16221439,32768,524288,1048576,8
2,12188117,8632864,60750756,2929287,23252741,60690851,0.143381,16429686,32768,524288,1048576,8
2,12461793,8855668,59734700,2376765,20335243,59664671,0.140753,16893297,32768,524288,1048576,8
2,12541742,8768664,62556045,3006297,23954512,62483606,0.147458,16948963,32768,524288,1048576,8
2,11905209,8549120,58666527,2691891,21766818,58611653,0.138715,16083273,32768,524288,1048576,8
2,12708121,8718868,65251463,3502285,26947178,65182050,0.153841,17063322,32768,524288,1048576,8
2,12738695,8765969,65037408,3403171,26409086,64969603,0.153771,17106289,32768,524288,1048576,8
2,13984850,94172,53514077,3956611,33040059,51003027,0.193204,3429010,32768,524288,1048576,8
2,13933318,83826,55911865,4476128,35914593,53537811,0.204198,3606156,32768,524288,1048576,8
2,13936584,83845,55950153,4486893,35970890,53569808,0.204521,3608284,32768,524288,1048576,8
2,14081294,83724,56483494,4532105,36306735,54048062,0.207213,3692280,32768,524288,1048576,8
2,13895169,82589,55126522,4323378,35048253,52755723,0.200734,3506408,32768,524288,1048576,8
2,14004477,82718,55273636,4298698,34974037,52871088,0.201087,3574479,32768,524288,1048576,8
2,13996337,83765,56136898,4481413,36010029,53755671,0.204872,3625885,32768,524288,1048576,8
2,13660998,84986,54864118,4379024,35172992,52556483,0.204214,3622666,32768,524288,1048576,8
2,9509499,760250,60912675,5472670,59485676,28189716,0.056161,8591468,32768,524288,1048576,8
2,9510132,747190,61039240,5509803,59641882,28319234,0.05647,8577316,32768,524288,1048576,8
2,9482424,747759,60778726,5459547,59357285,28106178,0.056095,8555778,32768,524288,1048576,8
2,9508069,750346,60932656,5470893,59498358,28162612,0.056216,8572374,32768,524288,1048576,8
2,9576961,888413,61074850,5460424,59447660,28052580,0.055984,8601172,32768,524288,1048576,8
2,9507400,748619,60892776,5471031,59472991,28148487,0.056189,8577168,32768,524288,1048576,8
2,9436530,746871,60515771,5428527,59076249,27996910,0.055886,8511638,32768,524288,1048576,8
2,9475840,748982,60777452,5452910,59344315,28094488,0.056079,8546911,32768,524288,1048576,8
2,44723581,101316,84131842,3943286,54447009,50758704,0.139483,4000912,32768,524288,1048576,8
2,44304507,88798,86492201,4503772,57803988,53704705,0.149597,4218492,32768,524288,1048576,8
2,44501986,88780,86631062,4478557,57763118,53656411,0.149671,4231569,32768,524288,1048576,8
2,44447139,88982,86384640,4444054,57513720,53447340,0.149072,4204153,32768,524288,1048576,8
2,44657974,89119,86889746,4477120,57894468,53813237,0.149202,4230486,32768,524288,1048576,8
2,44632380,89183,86968822,4499616,58031046,53923039,0.149667,4230624,32768,524288,1048576,8
2,44520370,88917,86874978,4514265,58037027,53917594,0.150018,4239657,32768,524288,1048576,8
2,43736408,89558,85122721,4391342,56729059,52722225,0.149057,4157977,32768,524288,1048576,8
2,15300597,3430550,46088711,1182031,10336842,46030472,0.057402,12321316,32768,524288,1048576,8
2,15404497,3424328,46865407,1324389,11003093,46807424,0.058465,12442180,32768,524288,1048576,8
2,15388492,3422175,46772908,1310500,10934386,46714299,0.058346,12391141,32768,524288,1048576,8
2,15376539,3419863,46738696,1309023,10926096,46680882,0.058303,12410515,32768,524288,1048576,8
2,15345904,3419498,46443833,1251352,10635485,46385012,0.05793,12328672,32768,524288,1048576,8
2,15362492,3431757,46230472,1180114,10294180,46174175,0.057662,12247414,32768,524288,1048576,8
2,15338187,3426675,46137566,1172769,10249912,46083496,0.05755,12365261,32768,524288,1048576,8
2,15391947,3438669,46300683,1177177,10288009,46245613,0.057751,12312214,32768,524288,1048576,8
2,48446,29908,329670,36368,341863,294264,0.52958,64402,32768,524288,1048576,8
2,33812,18523,226659,24066,236645,201726,0.535062,42285,32768,524288,1048576,8
2,33241,17987,225679,23680,235228,202113,0.577484,41653,32768,524288,1048576,8
2,133368517,32484469,799647256,104326220,874284671,424104467,0.904169,123500462,32768,524288,1048576,8
2,33118,17907,222720,23410,232450,198827,0.552299,41259,32768,524288,1048576,8
2,33069,17922,222748,23469,232377,198827,0.549201,41365,32768,524288,1048576,8
2,34341,18629,233399,24633,243328,208298,0.543105,42855,32768,524288,1048576,8
2,34041,18604,230031,24390,240041,205012,0.592712,42677,32768,524288,1048576,8
2,2428663,2571533,11883693,374398,3467552,11649731,0.01856,2653148,32768,524288,1048576,8
2,2375731,2595580,12762171,398956,3564211,12561448,0.020614,2666181,32768,524288,1048576,8
2,2397074,2545210,11942184,384269,3463613,11731022,0.018858,2598768,32768,524288,1048576,8
2,2427266,2548284,11538546,366986,3366639,11326213,0.017988,2612187,32768,524288,1048576,8
2,2414794,2532887,11208845,350781,3269754,11010773,0.017362,2599702,32768,524288,1048576,8
2,2385007,2555619,11782181,359457,3330346,11589022,0.018617,2618624,32768,524288,1048576,8
2,2405508,2588196,12183474,367913,3390124,11974830,0.019404,2647285,32768,524288,1048576,8
2,2446204,2541966,11244858,348670,3263466,11020751,0.017373,2594451,32768,524288,1048576,8
2,19582133,1847821,136425851,15142698,151710542,77137264,0.356547,14953285,32768,524288,1048576,8
2,19261095,1834884,136475637,15219611,151672357,77564674,0.380287,15173782,32768,524288,1048576,8
2,18837197,2092289,126689537,13452089,140165168,67213313,0.298343,14401689,32768,524288,1048576,8
2,18961179,1836936,128116906,13748932,142159510,68718039,0.312713,14281338,32768,524288,1048576,8
2,18766394,1946254,124533853,13069566,137893180,64861858,0.293976,14201740,32768,524288,1048576,8
2,19346474,1968886,131740786,14256903,146094768,71744602,0.322639,14603027,32768,524288,1048576,8
2,19574976,1843181,135146611,14896421,150240522,75570078,0.345073,14844212,32768,524288,1048576,8
2,19618449,1842664,135718990,14994373,150889711,76103188,0.347626,14856592,32768,524288,1048576,8
2,12181070,1347916,87705681,10683618,89557157,67428704,0.159119,12591701,32768,524288,1048576,8
2,11985341,1350799,85276405,10276068,87138798,64877360,0.153193,12363417,32768,524288,1048576,8
2,12285144,1335287,88955826,10907317,90809588,68665086,0.161818,12678076,32768,524288,1048576,8
2,12170564,1349242,87373431,10615676,89235527,66940155,0.157902,12547544,32768,524288,1048576,8
2,11058807,1660833,74057737,8307957,75630361,53531276,0.124124,11644412,32768,524288,1048576,8
2,12009597,1353999,85393663,10268670,87262175,64914300,0.153429,12389320,32768,524288,1048576,8
2,12055114,1357155,85720753,10311077,87594411,65147711,0.153979,12438481,32768,524288,1048576,8
2,12234782,1337241,88152998,10748613,90010113,67796661,0.160122,12631597,32768,524288,1048576,8
2,11889334,8673112,56918637,2251144,19354016,56852477,0.088346,16047845,32768,524288,1048576,8
2,11913646,8604105,58012580,2540266,20832748,57950568,0.090156,16070342,32768,524288,1048576,8
2,12036654,8627917,58893297,2631354,21454186,58828813,0.091431,16237953,32768,524288,1048576,8
2,12308146,8867155,57748657,2044838,18341296,57672661,0.089584,16693363,32768,524288,1048576,8
2,12356178,8745332,60449493,2677236,21983538,60374414,0.093699,16609973,32768,524288,1048576,8
2,11864291,8584519,57847216,2536267,20831422,57788655,0.089838,16029622,32768,524288,1048576,8
2,12449146,8736449,61990719,2947545,23650799,61916873,0.096266,16756375,32768,524288,1048576,8
2,12566461,8742863,63116020,3100829,24623186,63045658,0.098018,16817002,32768,524288,1048576,8
2,10622509,520748,60900153,7293663,61664490,46336538,0.215737,9555035,32768,524288,1048576,8
2,11019118,472197,65924945,8184235,66685856,51436843,0.237732,9918671,32768,524288,1048576,8
2,10998373,471138,65693776,8145364,66452097,51248092,0.236939,9897413,32768,524288,1048576,8
2,10789873,470786,63175746,7720761,63934877,48705586,0.226163,9688392,32768,524288,1048576,8
2,10884423,489304,64111390,7854174,64874856,49570925,0.229774,9794086,32768,524288,1048576,8
2,10746912,471301,62396287,7564657,63159643,47827976,0.22261,9639988,32768,524288,1048576,8
2,10959251,471855,65244005,8059813,66004656,50784198,0.235131,9857743,32768,524288,1048576,8
2,10969404,472105,65562435,8126747,66321400,51138780,0.237475,9873551,32768,524288,1048576,8
2,9486897,748510,60740856,5456326,59322377,28086234,0.086063,8563366,32768,524288,1048576,8
2,9489776,739526,60938000,5502905,59551164,28274117,0.08663,8556512,32768,524288,1048576,8
2,9431333,739335,60570317,5455134,59161102,28124079,0.086198,8508746,32768,524288,1048576,8
2,9466455,741895,60681113,5444189,59252930,28037031,0.086015,8533161,32768,524288,1048576,8
2,9570230,881372,61020709,5454499,59399413,28013940,0.085928,8591555,32768,524288,1048576,8
2,9489894,742516,60790010,5456605,59368199,28097122,0.086203,8557715,32768,524288,1048576,8
2,9426234,740873,60443752,5418210,59006661,27949464,0.085753,8498395,32768,524288,1048576,8
2,9465603,741809,60705421,5448939,59279904,28048124,0.086051,8534635,32768,524288,1048576,8
2,21526471,3404702,52111493,1177147,12990328,45638599,0.056751,10721908,32768,524288,1048576,8
2,21032367,3330651,51081652,1163020,12674364,44864012,0.055872,10570790,32768,524288,1048576,8
2,21751553,3435627,52708030,1189323,13038073,46244559,0.057591,10852597,32768,524288,1048576,8
2,22059598,3500381,53599495,1211218,13253267,47107774,0.058663,11096153,32768,524288,1048576,8
2,21420910,3407519,52074736,1169890,12825643,45797642,0.05703,10751523,32768,524288,1048576,8
2,21795561,3461184,52931738,1188028,13037606,46519399,0.05793,10890496,32768,524288,1048576,8
2,21839598,3474039,53081703,1189946,13073321,46683131,0.058134,10976768,32768,524288,1048576,8
2,21530961,3414253,52236756,1170370,12867767,45878370,0.05713,10766813,32768,524288,1048576,8
2,13212856,8672765,59058322,2396708,20422417,57670494,0.096506,14913715,32768,524288,1048576,8
2,13263344,8596846,60735262,2774006,22544908,59367408,0.099267,14949737,32768,524288,1048576,8
2,13274195,8627450,60239394,2635259,21773832,58869682,0.098451,14967095,32768,524288,1048576,8
2,13524255,8876043,58544256,1943978,18054385,57131060,0.0954,15324936,32768,524288,1048576,8
2,13862442,8760633,63256421,2884107,23538996,61717832,0.103397,15415107,32768,524288,1048576,8
2,13234093,8574237,59124436,2510228,20939456,57614833,0.096466,14673971,32768,524288,1048576,8
2,13898593,8755009,63784876,2992345,24145884,62228971,0.103945,15416250,32768,524288,1048576,8
2,13826280,8783521,64032074,3009651,24293077,62617835,0.10479,15575704,32768,524288,1048576,8
2,21227610,147704,52903676,3777667,45596107,34471205,0.122492,3922933,32768,524288,1048576,8
2,21137819,143481,52983102,3813674,45709915,34570066,0.122976,3923809,32768,524288,1048576,8
2,21074491,145782,53042751,3828288,45761186,34679187,0.12338,3951851,32768,524288,1048576,8
2,21210242,140913,52934685,3787757,45647504,34540179,0.122821,3938905,32768,524288,1048576,8
2,20906235,147411,52800494,3796620,45545723,34539353,0.122939,4011916,32768,524288,1048576,8
2,21162936,147780,53036942,3793586,45677480,34489482,0.12276,3905338,32768,524288,1048576,8
2,21311146,141985,53053605,3786102,45708529,34598104,0.123011,3938772,32768,524288,1048576,8
2,21155357,144344,52950639,3789274,45629939,34548443,0.122905,3950556,32768,524288,1048576,8
2,10684123,528317,61409689,7366535,62173803,46809975,0.144723,9616674,32768,524288,1048576,8
2,11054303,479097,66275718,8230421,67033983,51743911,0.15914,9954433,32768,524288,1048576,8
2,11311952,477124,69335592,8740364,70093539,54838924,0.167865,10209077,32768,524288,1048576,8
2,11141976,477757,67358176,8407951,68121789,52843492,0.162375,10043683,32768,524288,1048576,8
2,11027343,494969,65690505,8107964,66454109,51092757,0.157089,9931599,32768,524288,1048576,8
2,10811556,478574,63055891,7663093,63820861,48449658,0.149862,9705758,32768,524288,1048576,8
2,11130215,477623,67206410,8377990,67968607,52671486,0.161837,10028224,32768,524288,1048576,8
2,10984715,478807,65589581,8120664,66349894,51113740,0.158165,9887511,32768,524288,1048576,8
2,2315991,2547120,11543100,349283,3160660,11454783,0.032668,2576399,32768,524288,1048576,8
2,2281894,2538066,12828583,467746,3721842,12749844,0.037144,2608112,32768,524288,1048576,8
2,2346543,2548821,12163585,457248,3675767,12093237,0.034426,2632617,32768,524288,1048576,8
2,2357178,2534809,11746459,446890,3616128,11680325,0.032859,2631372,32768,524288,1048576,8
2,2415113,2566926,11611671,442156,3609170,11538144,0.032149,2647891,32768,524288,1048576,8
2,2294492,2530024,11633347,369732,3229080,11560373,0.033092,2570210,32768,524288,1048576,8
2,2266819,2539758,11821748,349238,3130065,11747307,0.034028,2559426,32768,524288,1048576,8
2,2352367,2555233,11050361,335897,3071114,10978061,0.030845,2588515,32768,524288,1048576,8
2,10555516,749665,84978521,7572309,88173651,28070989,0.07771,9363866,32768,524288,1048576,8
2,10524871,742706,84973526,7572316,88135454,28065034,0.077781,9331223,32768,524288,1048576,8
2,10517442,744718,84905884,7558837,88035615,28028487,0.0777,9333245,32768,524288,1048576,8
2,10624605,745779,85489687,7615034,88712894,28159832,0.078065,9420334,32768,524288,1048576,8
2,10708674,966577,85544247,7575928,88478937,27985905,0.077567,9441278,32768,524288,1048576,8
2,10544690,743270,85012136,7569338,88180914,28041306,0.077737,9359284,32768,524288,1048576,8
2,10469267,740989,84578394,7530086,87697345,27924679,0.077413,9285618,32768,524288,1048576,8
2,10546780,744131,85068248,7573501,88223597,28054299,0.077771,9363394,32768,524288,1048576,8
2,8381170,772328,46455598,4150630,44385536,28346827,0.044191,7936121,32768,524288,1048576,8
2,8411608,757787,46804745,4225459,44731012,28684016,0.044734,7951575,32768,524288,1048576,8
2,8406466,757972,46792587,4223611,44716219,28676412,0.044715,7944234,32768,524288,1048576,8
2,8392266,759710,46610712,4177843,44528006,28478379,0.044457,7924840,32768,524288,1048576,8
2,8399541,834336,46454361,4122557,44258355,28194135,0.04405,7916363,32768,524288,1048576,8
2,8402575,759478,46549977,4158705,44474782,28364700,0.04433,7946897,32768,524288,1048576,8
2,8406864,761719,46573193,4153599,44489002,28367312,0.044332,7947608,32768,524288,1048576,8
2,8380783,760703,46443529,4136579,44355022,28291851,0.044221,7911988,32768,524288,1048576,8
2,12158447,6083690,85089695,6087179,85096757,85049721,0.212086,17843555,32768,524288,1048576,8
2,12155002,6078074,85071875,6083102,85078380,85040583,0.212169,17836701,32768,524288,1048576,8
2,12147585,6074677,85020338,6079489,85026928,84992716,0.21205,17826643,32768,524288,1048576,8
2,12152656,6076872,85057228,6082147,85064182,85026239,0.212129,17833885,32768,524288,1048576,8
2,12152940,6077204,85058462,6082451,85065533,85030143,0.212143,17834713,32768,524288,1048576,8
2,12154164,6077932,85066602,6082740,85073347,85038425,0.212164,17836049,32768,524288,1048576,8
2,12156015,6079168,85079333,6082876,85085209,85046786,0.212188,17838736,32768,524288,1048576,8
2,12160026,6080800,85107276,6085648,85113698,85081327,0.212272,17844913,32768,524288,1048576,8
2,2798934,2992917,14359777,411882,3774961,14190197,0.018892,3161704,32768,524288,1048576,8
2,2830775,2878814,12261782,385896,3563096,12085377,0.015301,2998159,32768,524288,1048576,8
2,2781967,2999894,14436032,403248,3672712,14290523,0.019201,3134033,32768,524288,1048576,8
2,2801018,2918803,13028489,379116,3532704,12863659,0.016732,3043257,32768,524288,1048576,8
2,2822595,2880236,11996265,363481,3441734,11839070,0.014915,2998989,32768,524288,1048576,8
2,2776076,2952852,13699501,385788,3562584,13557492,0.017965,3086924,32768,524288,1048576,8
2,2818339,2900652,12458939,369992,3483964,12291173,0.015714,3016030,32768,524288,1048576,8
2,2767922,2942405,13344238,380998,3545789,13206550,0.017341,3088466,32768,524288,1048576,8
2,19713499,1854774,136661407,15130663,151934152,76933285,0.241166,14956224,32768,524288,1048576,8
2,19689244,1854458,140109540,15762115,155777880,80609788,0.269965,15441281,32768,524288,1048576,8
2,19391057,2118103,131404420,14163562,145502017,71234524,0.211821,14760185,32768,524288,1048576,8
2,19370561,1841900,131796505,14304358,146341840,71853149,0.221791,14518708,32768,524288,1048576,8
2,18900039,1950044,124970518,13118081,138363827,65016146,0.200147,14212723,32768,524288,1048576,8
2,18954071,1968496,126331011,13343522,139869803,66376497,0.202531,14204663,32768,524288,1048576,8
2,19664398,1847261,135338808,14894711,150408420,75312623,0.23222,14784596,32768,524288,1048576,8
2,19547809,1836862,134321127,14750351,149281222,74726145,0.230571,14729354,32768,524288,1048576,8
2,12137269,6071530,84945787,6074318,84951205,84909724,0.298238,17811054,32768,524288,1048576,8
2,12099596,6049778,84689924,6054804,84694963,84665058,0.297482,17755387,32768,524288,1048576,8
2,12172349,6086483,85196897,6090508,85201955,85173047,0.29927,17862398,32768,524288,1048576,8
2,12165648,6082751,85152613,6087986,85158485,85125778,0.299098,17852210,32768,524288,1048576,8
2,12131461,6065846,84911798,6070706,84917602,84886066,0.29826,17802265,32768,524288,1048576,8
2,12170107,6085440,85182013,6089466,85187246,85154468,0.299205,17858601,32768,524288,1048576,8
2,12132236,6066625,84916381,6070084,84921210,84888846,0.298274,17802978,32768,524288,1048576,8
2,12159036,6079841,85103636,6083832,85108667,85077913,0.298937,17842342,32768,524288,1048576,8
2,50112446,5446784,220221235,2154198,54337440,220074812,1.072015,39905406,32768,524288,1048576,8
2,53168387,5480945,232953381,2169421,56512714,232912259,1.273088,42011881,32768,524288,1048576,8
2,51065126,5899922,224887437,2204604,55579565,224841274,0.888393,40835932,32768,524288,1048576,8
2,51818102,5748236,227783688,2191177,55906826,227741399,0.967232,41248321,32768,524288,1048576,8
2,50592312,5531676,222316564,2144133,54536933,222272570,1.003244,40187608,32768,524288,1048576,8
2,51564347,5653210,226560053,2173103,55528651,226518435,0.989305,40973859,32768,524288,1048576,8
2,51267618,5988707,223545615,1625747,52550878,223505159,0.870613,40970951,32768,524288,1048576,8
2,51485246,5708753,226320905,2179338,55557582,226278556,0.960915,40966066,32768,524288,1048576,8
2,13643826,8654194,63431334,3123978,24717607,61973706,0.157926,15286453,32768,524288,1048576,8
2,13256010,8469299,61180612,2954665,23513018,59790707,0.152361,14873889,32768,524288,1048576,8
2,13507240,8590771,64472237,3398367,26262534,63224918,0.161579,15382556,32768,524288,1048576,8
2,13779277,8792512,61020342,2414650,20775921,59511767,0.152025,15464322,32768,524288,1048576,8
2,13758935,8820644,65289858,3244703,25640536,64096110,0.163693,15920310,32768,524288,1048576,8
2,13291881,8645640,62495715,3069701,24264679,61278413,0.156913,15249547,32768,524288,1048576,8
2,14113910,8779983,66926728,3508247,27198482,65445585,0.167178,15836476,32768,524288,1048576,8
2,13896905,8809404,68633426,3815129,29087557,67589820,0.173039,16259099,32768,524288,1048576,8
